0,1,2,3,4,5,6,7,8,9,10,11,12,13,14,15,16,17,18,19,20,21,22,23,24,25,26,27,28,29,30,31,32,33,34,35,36,37,38,39,40,41,42,43,44,45,46,47,48,49,50,51,52,53,54,55,56,57,58,59
"(1.0, 0.0)","(1.0, 0.0)","(1.0, 0.0)","(1.0, 0.0)","(1.0, 0.0)","(1.0, 0.0)","(1.0, 0.0)","(1.0, 0.0)","(1.0, 0.0)","(1.0, 0.0)","(1.0, 0.0)","(1.0, 0.0)","(1.0, 0.0)","(1.0, 0.0)","(1.0, 0.0)","(1.0, 0.0)","(1.0, 0.0)","(1.0, 0.0)","(1.0, 0.0)","(1.0, 0.0)","(1.0, 0.0)","(1.0, 0.0)","(1.0, 0.0)","(1.0, 0.0)","(1.0, 0.0)","(1.0, 0.0)","(1.0, 0.0)","(1.0, 0.0)","(1.0, 0.0)","(1.0, 0.0)","(1.0, 0.0)","(1.0, 0.0)","(1.0, 0.0)","(1.0, 0.0)","(1.0, 0.0)","(1.0, 0.0)","(1.0, 0.0)","(1.0, 0.0)","(1.0, 0.0)","(1.0, 0.0)","(1.0, 0.0)","(1.0, 0.0)","(1.0, 0.0)","(1.0, 0.0)","(1.0, 0.0)","(1.0, 0.0)","(1.0, 0.0)","(1.0, 0.0)","(1.0, 0.0)","(1.0, 0.0)","(1.0, 0.0)","(1.0, 0.0)","(1.0, 0.0)","(1.0, 0.0)","(1.0, 0.0)","(1.0, 0.0)","(1.0, 0.0)","(1.0, 0.0)","(1.0, 0.0)","(1.0, 0.0)"
"(1.0, 0.0)","(1.0, 0.0)","(1.0, 0.0)","(1.0, 0.0)","(1.0, 0.0)","(1.0, 0.0)","(1.0, 0.0)","(1.0, 0.0)","(1.0, 0.0)","(1.0, 0.0)","(1.0, 0.0)","(1.0, 0.0)","(1.0, 0.0)","(1.0, 0.0)","(1.0, 0.0)","(1.0, 0.0)","(1.0, 0.0)","(1.0, 0.0)","(1.0, 0.0)","(1.0, 0.0)","(1.0, 0.0)","(1.0, 0.0)","(1.0, 0.0)","(1.0, 0.0)","(1.0, 0.0)","(1.0, 0.0)","(1.0, 0.0)","(1.0, 0.0)","(1.0, 0.0)","(1.0, 0.0)","(1.0, 0.0)","(1.0, 0.0)","(1.0, 0.0)","(1.0, 0.0)","(1.0, 0.0)","(1.0, 0.0)","(1.0, 0.0)","(1.0, 0.0)","(1.0, 0.0)","(1.0, 0.0)","(1.0, 0.0)","(1.0, 0.0)","(1.0, 0.0)","(1.0, 0.0)","(1.0, 0.0)","(1.0, 0.0)","(1.0, 0.0)","(1.0, 0.0)","(1.0, 0.0)","(1.0, 0.0)","(1.0, 0.0)","(1.0, 0.0)","(1.0, 0.0)","(1.0, 0.0)","(1.0, 0.0)","(1.0, 0.0)","(1.0, 0.0)","(1.0, 0.0)","(1.0, 0.0)","(1.0, 0.0)"
"(1.0, 0.0)","(1.0, 0.0)","(1.0, 0.0)","(1.0, 0.0)","(1.0, 0.0)","(1.0, 0.0)","(1.0, 0.0)","(1.0, 0.0)","(1.0, 0.0)","(1.0, 0.0)","(1.0, 0.0)","(1.0, 0.0)","(1.0, 0.0)","(1.0, 0.0)","(1.0, 0.0)","(1.0, 0.0)","(1.0, 0.0)","(1.0, 0.0)","(1.0, 0.0)","(1.0, 0.0)","(1.0, 0.0)","(1.0, 0.0)","(1.0, 0.0)","(1.0, 0.0)","(1.0, 0.0)","(1.0, 0.0)","(1.0, 0.0)","(1.0, 0.0)","(1.0, 0.0)","(1.0, 0.0)","(1.0, 0.0)","(1.0, 0.0)","(1.0, 0.0)","(1.0, 0.0)","(1.0, 0.0)","(1.0, 0.0)","(1.0, 0.0)","(1.0, 0.0)","(1.0, 0.0)","(1.0, 0.0)","(1.0, 0.0)","(1.0, 0.0)","(1.0, 0.0)","(1.0, 0.0)","(1.0, 0.0)","(1.0, 0.0)","(1.0, 0.0)","(1.0, 0.0)","(1.0, 0.0)","(1.0, 0.0)","(1.0, 0.0)","(1.0, 0.0)","(1.0, 0.0)","(1.0, 0.0)","(1.0, 0.0)","(1.0, 0.0)","(1.0, 0.0)","(1.0, 0.0)","(1.0, 0.0)","(1.0, 0.0)"
"(1.0, 0.0)","(1.0, 0.0)","(1.0, 0.0)","(1.0, 0.0)","(1.0, 0.0)","(1.0, 0.0)","(1.0, 0.0)","(1.0, 0.0)","(1.0, 0.0)","(1.0, 0.0)","(1.0, 0.0)","(1.0, 0.0)","(1.0, 0.0)","(1.0, 0.0)","(1.0, 0.0)","(1.0, 0.0)","(1.0, 0.0)","(1.0, 0.0)","(1.0, 0.0)","(1.0, 0.0)","(1.0, 0.0)","(1.0, 0.0)","(1.0, 0.0)","(1.0, 0.0)","(1.0, 0.0)","(1.0, 0.0)","(1.0, 0.0)","(1.0, 0.0)","(1.0, 0.0)","(1.0, 0.0)","(1.0, 0.0)","(1.0, 0.0)","(1.0, 0.0)","(1.0, 0.0)","(1.0, 0.0)","(1.0, 0.0)","(1.0, 0.0)","(1.0, 0.0)","(1.0, 0.0)","(1.0, 0.0)","(1.0, 0.0)","(1.0, 0.0)","(1.0, 0.0)","(1.0, 0.0)","(1.0, 0.0)","(1.0, 0.0)","(1.0, 0.0)","(1.0, 0.0)","(1.0, 0.0)","(1.0, 0.0)","(1.0, 0.0)","(1.0, 0.0)","(1.0, 0.0)","(1.0, 0.0)","(1.0, 0.0)","(1.0, 0.0)","(1.0, 0.0)","(1.0, 0.0)","(1.0, 0.0)","(1.0, 0.0)"
"(1.0, 0.0)","(1.0, 0.0)","(1.0, 0.0)","(1.0, 0.0)","(1.0, 0.0)","(1.0, 0.0)","(1.0, 0.0)","(1.0, 0.0)","(1.0, 0.0)","(1.0, 0.0)","(1.0, 0.0)","(1.0, 0.0)","(1.0, 0.0)","(1.0, 0.0)","(1.0, 0.0)","(1.0, 0.0)","(1.0, 0.0)","(1.0, 0.0)","(1.0, 0.0)","(1.0, 0.0)","(1.0, 0.0)","(1.0, 0.0)","(1.0, 0.0)","(1.0, 0.0)","(1.0, 0.0)","(1.0, 0.0)","(1.0, 0.0)","(1.0, 0.0)","(1.0, 0.0)","(1.0, 0.0)","(1.0, 0.0)","(1.0, 0.0)","(1.0, 0.0)","(1.0, 0.0)","(1.0, 0.0)","(1.0, 0.0)","(1.0, 0.0)","(1.0, 0.0)","(1.0, 0.0)","(1.0, 0.0)","(1.0, 0.0)","(1.0, 0.0)","(1.0, 0.0)","(1.0, 0.0)","(1.0, 0.0)","(1.0, 0.0)","(1.0, 0.0)","(1.0, 0.0)","(1.0, 0.0)","(1.0, 0.0)","(1.0, 0.0)","(1.0, 0.0)","(1.0, 0.0)","(1.0, 0.0)","(1.0, 0.0)","(1.0, 0.0)","(1.0, 0.0)","(1.0, 0.0)","(1.0, 0.0)","(1.0, 0.0)"
"(1.0, 0.0)","(1.0, 0.0)","(1.0, 0.0)","(1.0, 0.0)","(1.0, 0.0)","(1.0, 0.0)","(1.0, 0.0)","(1.0, 0.0)","(1.0, 0.0)","(1.0, 0.0)","(1.0, 0.0)","(1.0, 0.0)","(1.0, 0.0)","(1.0, 0.0)","(1.0, 0.0)","(1.0, 0.0)","(1.0, 0.0)","(1.0, 0.0)","(1.0, 0.0)","(1.0, 0.0)","(1.0, 0.0)","(1.0, 0.0)","(1.0, 0.0)","(1.0, 0.0)","(1.0, 0.0)","(1.0, 0.0)","(1.0, 0.0)","(1.0, 0.0)","(1.0, 0.0)","(1.0, 0.0)","(1.0, 0.0)","(1.0, 0.0)","(1.0, 0.0)","(1.0, 0.0)","(1.0, 0.0)","(1.0, 0.0)","(1.0, 0.0)","(1.0, 0.0)","(1.0, 0.0)","(1.0, 0.0)","(1.0, 0.0)","(1.0, 0.0)","(1.0, 0.0)","(1.0, 0.0)","(1.0, 0.0)","(1.0, 0.0)","(1.0, 0.0)","(1.0, 0.0)","(1.0, 0.0)","(1.0, 0.0)","(1.0, 0.0)","(1.0, 0.0)","(1.0, 0.0)","(1.0, 0.0)","(1.0, 0.0)","(1.0, 0.0)","(1.0, 0.0)","(1.0, 0.0)","(1.0, 0.0)","(1.0, 0.0)"
"(1.0, 0.0)","(1.0, 0.0)","(1.0, 0.0)","(1.0, 0.0)","(1.0, 0.0)","(1.0, 0.0)","(1.0, 0.0)","(1.0, 0.0)","(1.0, 0.0)","(1.0, 0.0)","(1.0, 0.0)","(1.0, 0.0)","(1.0, 0.0)","(1.0, 0.0)","(1.0, 0.0)","(1.0, 0.0)","(1.0, 0.0)","(1.0, 0.0)","(1.0, 0.0)","(1.0, 0.0)","(1.0, 0.0)","(1.0, 0.0)","(1.0, 0.0)","(1.0, 0.0)","(1.0, 0.0)","(1.0, 0.0)","(1.0, 0.0)","(1.0, 0.0)","(1.0, 0.0)","(1.0, 0.0)","(1.0, 0.0)","(1.0, 0.0)","(1.0, 0.0)","(1.0, 0.0)","(1.0, 0.0)","(1.0, 0.0)","(1.0, 0.0)","(1.0, 0.0)","(1.0, 0.0)","(1.0, 0.0)","(1.0, 0.0)","(1.0, 0.0)","(1.0, 0.0)","(1.0, 0.0)","(1.0, 0.0)","(1.0, 0.0)","(1.0, 0.0)","(1.0, 0.0)","(1.0, 0.0)","(1.0, 0.0)","(1.0, 0.0)","(1.0, 0.0)","(1.0, 0.0)","(1.0, 0.0)","(1.0, 0.0)","(1.0, 0.0)","(1.0, 0.0)","(1.0, 0.0)","(1.0, 0.0)","(1.0, 0.0)"
"(1.0, 0.0)","(1.0, 0.0)","(1.0, 0.0)","(1.0, 0.0)","(1.0, 0.0)","(1.0, 0.0)","(1.0, 0.0)","(1.0, 0.0)","(1.0, 0.0)","(1.0, 0.0)","(1.0, 0.0)","(1.0, 0.0)","(1.0, 0.0)","(1.0, 0.0)","(1.0, 0.0)","(1.0, 0.0)","(1.0, 0.0)","(1.0, 0.0)","(1.0, 0.0)","(1.0, 0.0)","(1.0, 0.0)","(1.0, 0.0)","(1.0, 0.0)","(1.0, 0.0)","(1.0, 0.0)","(1.0, 0.0)","(1.0, 0.0)","(1.0, 0.0)","(1.0, 0.0)","(1.0, 0.0)","(1.0, 0.0)","(1.0, 0.0)","(1.0, 0.0)","(1.0, 0.0)","(1.0, 0.0)","(1.0, 0.0)","(1.0, 0.0)","(1.0, 0.0)","(1.0, 0.0)","(1.0, 0.0)","(1.0, 0.0)","(1.0, 0.0)","(1.0, 0.0)","(1.0, 0.0)","(1.0, 0.0)","(1.0, 0.0)","(1.0, 0.0)","(1.0, 0.0)","(1.0, 0.0)","(1.0, 0.0)","(1.0, 0.0)","(1.0, 0.0)","(1.0, 0.0)","(1.0, 0.0)","(1.0, 0.0)","(1.0, 0.0)","(1.0, 0.0)","(1.0, 0.0)","(1.0, 0.0)","(1.0, 0.0)"
"(0.077, 1416.0)","(0.0805725980111186, 1416.0)","(0.08063046379399674, 1416.0)","(0.08067773745056858, 1416.0)","(0.08071847896251792, 1416.0)","(0.08075566226017693, 1416.0)","(0.08079093517433783, 1416.0)","(0.08082172302148155, 1416.0)","(0.08085045295551146, 1416.0)","(0.08087720832649292, 1416.0)","(0.08090101727266381, 1416.0)","(0.08092287832780719, 1416.0)","(0.08094359498655311, 1416.0)","(0.0809640390905853, 1416.0)","(0.08098536170430642, 1416.0)","(0.08100675349858179, 1416.0)","(0.08102845868910293, 1416.0)","(0.08104956375915344, 1416.0)","(0.08106868259714636, 1416.0)","(0.08108729883424515, 1416.0)","(0.08110690360311915, 1415.9999999999998)","(0.08112863046465726, 1416.0)","(0.08114952966004635, 1416.0)","(0.08117054471202627, 1416.0)","(0.08119012530938131, 1416.0)","(0.08120871237395721, 1416.0)","(0.08122650177840761, 1416.0)","(0.0812441328177338, 1416.0)","(0.08126242815708093, 1415.9999999999998)","(0.08127988249426857, 1416.0)","(0.08129847872735167, 1416.0)","(0.08131745170273022, 1416.0)","(0.08133721400322773, 1416.0)","(0.08135589608687815, 1416.0)","(0.0813733862645939, 1416.0)","(0.0813911464965214, 1416.0)","(0.08140834661600968, 1416.0)","(0.08142617269448883, 1416.0)","(0.08144447886934446, 1416.0000000000002)","(0.08146297174834652, 1416.0)","(0.08148311662564406, 1416.0)","(0.08150382494938344, 1416.0)","(0.08152654284319874, 1416.0)","(0.08154903235783494, 1416.0)","(0.08157103427458877, 1416.0)","(0.08159118832039348, 1416.0)","(0.08160974787944783, 1416.0)","(0.08163740509813652, 1416.0)","(0.0816717886671, 1416.0)","(0.08171296359938923, 1416.0)","(0.0817661951186332, 1416.0)","(0.08182550702514538, 1416.0)","(0.08189220541445003, 1416.0)","(0.0819653325942961, 1416.0000000000002)","(0.08203819972193824, 1416.0)","(0.08212101801388405, 1416.0)","(0.08221306899257008, 1416.0)","(0.08230763630972944, 1416.0000000000002)","(0.08240878328104853, 1416.0)","(0.0825065245686969, 1415.9999999999998)"
"(0.0178, 1416.0)","(0.022967507837510833, 1416.0)","(0.023051206559173858, 1416.0)","(0.023119584526715257, 1416.0)","(0.023178514213641997, 1416.0)","(0.023232297197755915, 1416.0)","(0.023283316948595784, 1416.0)","(0.023327849370357236, 1416.0)","(0.02336940516779336, 1416.0)","(0.02340810490082012, 1416.0)","(0.0234425428408173, 1416.0)","(0.023474163295578235, 1416.0)","(0.023504128462692883, 1416.0)","(0.0235336993988823, 1416.0)","(0.023564541036586062, 1416.0)","(0.02359548273902008, 1416.0)","(0.023626877746738148, 1416.0)","(0.023657404723061222, 1416.0)","(0.0236850587565867, 1416.0)","(0.02371198581381887, 1416.0)","(0.023740342711654466, 1415.9999999999998)","(0.023771769064950685, 1416.0)","(0.02380199825828131, 1416.0)","(0.023832395029895134, 1416.0)","(0.0238607169653551, 1416.0)","(0.023887601826616683, 1416.0)","(0.02391333292948242, 1416.0)","(0.023938834968507815, 1416.0)","(0.023965297870063497, 1415.9999999999998)","(0.023990544322067035, 1416.0)","(0.024017442444919376, 1416.0)","(0.024044885498591906, 1416.0)","(0.02407347025466868, 1416.0)","(0.024100492554234472, 1416.0)","(0.024125790847001876, 1416.0)","(0.024151479753897025, 1416.0)","(0.024176358498156844, 1416.0)","(0.024202142647385613, 1416.0)","(0.024228621221730376, 1416.0000000000002)","(0.02425536985028691, 1416.0)","(0.024284507976377996, 1416.0)","(0.024314461087501047, 1416.0)","(0.024347320898198164, 1416.0)","(0.024379850374725523, 1416.0)","(0.024411674575744446, 1416.0)","(0.02444082596342629, 1416.0)","(0.024467671039915602, 1416.0)","(0.024507675231233175, 1416.0)","(0.024557408607769622, 1416.0)","(0.02461696520625941, 1416.0)","(0.024693960796594434, 1416.0)","(0.02477975123279956, 1416.0)","(0.024876225688758056, 1416.0)","(0.02498199893103541, 1416.0000000000002)","(0.02508739602637494, 1416.0)","(0.02520718677008227, 1416.0)","(0.02534033193568173, 1416.0)","(0.025477116805144365, 1416.0000000000002)","(0.025623418674373767, 1416.0)","(0.025764794465436586, 1415.9999999999998)"
"(0.0602, 2280.0)","(0.0625604665430605, 2280.0)","(0.06259869929246213, 2280.0)","(0.06262993367269709, 2280.0)","(0.06265685217166363, 2280.0)","(0.0626814197076169, 2280.0)","(0.06270472502590177, 2280.0)","(0.06272506699633601, 2280.0)","(0.0627440492741772, 2280.0)","(0.06276172693000424, 2280.0)","(0.06277745784086716, 2280.0)","(0.06279190175230116, 2280.0)","(0.06280558954468687, 2280.0)","(0.06281909725627957, 2280.0)","(0.06283318541177388, 2280.0)","(0.06284731927584868, 2280.0)","(0.06286166020530015, 2280.0)","(0.06287560462658352, 2280.0)","(0.0628882367159717, 2280.0)","(0.06290053672976911, 2280.0)","(0.06291348988063228, 2280.0)","(0.06292784512843426, 2280.0)","(0.06294165352538776, 2280.0)","(0.06295553847044592, 2280.0)","(0.06296847565084121, 2280.0)","(0.06298075638993601, 2280.0)","(0.06299251010359073, 2280.0)","(0.06300415918314554, 2280.0)","(0.06301624717521419, 2280.0)","(0.06302777950514173, 2280.0)","(0.06304006630200021, 2280.0)","(0.06305260201787531, 2280.0)","(0.0630656592521326, 2280.0)","(0.06307800277168735, 2280.0)","(0.06308955878196382, 2280.0)","(0.06310129322091593, 2280.0)","(0.06311265758557782, 2280.0)","(0.06312443553028725, 2280.0)","(0.06313653068153116, 2280.0)","(0.0631487491908718, 2280.0)","(0.06316205919908624, 2280.0)","(0.06317574148441404, 2280.0)","(0.06319075152139916, 2280.0)","(0.06320561066499808, 2280.0)","(0.06322014764571042, 2280.0)","(0.06323346371168856, 2280.0)","(0.06324572627749231, 2280.0)","(0.06326399979698305, 2280.0)","(0.06328671751219106, 2280.0)","(0.06331392237816788, 2280.0)","(0.06334909320338264, 2280.0)","(0.06338828142732819, 2280.0)","(0.0634323500059759, 2280.0)","(0.0634806661783742, 2280.0)","(0.06352881053056633, 2280.0)","(0.06358352975917338, 2280.0)","(0.06364434915580523, 2280.0)","(0.0637068311332141, 2280.0)","(0.06377366038212134, 2279.9999999999995)","(0.06383823944717473, 2280.0)"
"(0.0121, 2280.0)","(0.016374358334731182, 2280.0)","(0.01644359061067467, 2280.0)","(0.016500150164073114, 2280.0)","(0.016548894473012516, 2280.0)","(0.016593381632711686, 2280.0)","(0.016635583155011326, 2280.0)","(0.016672418614986848, 2280.0)","(0.016706791928915492, 2280.0)","(0.016738802819196888, 2280.0)","(0.016767288522651348, 2280.0)","(0.016793443713626444, 2280.0)","(0.01681822971605461, 2280.0)","(0.01684268962623598, 2280.0)","(0.016868200610509462, 2280.0)","(0.016893794364374635, 2280.0)","(0.01691976307446242, 2280.0)","(0.01694501378327286, 2280.0)","(0.01696788810730011, 2280.0)","(0.016990161105257588, 2280.0)","(0.017013616810874682, 2280.0)","(0.017039611448786372, 2280.0)","(0.01706461584326973, 2280.0)","(0.01708975885188857, 2280.0)","(0.017113185638009773, 2280.0)","(0.01713542373312738, 2280.0)","(0.01715670748488052, 2280.0)","(0.017177801764074366, 2280.0)","(0.017199690830793264, 2280.0)","(0.017220573698499893, 2280.0)","(0.01724282276308146, 2280.0)","(0.017265522572909354, 2280.0)","(0.01728916675386175, 2280.0)","(0.017311518532514936, 2280.0)","(0.017332444280853405, 2280.0)","(0.017353693129766676, 2280.0)","(0.01737427184415443, 2280.0)","(0.017395599473763408, 2280.0)","(0.01741750150439426, 2280.0)","(0.017439626913200286, 2280.0)","(0.017463728819966984, 2280.0)","(0.017488504850155188, 2280.0)","(0.017515685187398482, 2280.0)","(0.017542592285266792, 2280.0)","(0.01756891600709726, 2280.0)","(0.017593028883327918, 2280.0)","(0.017615234070053644, 2280.0)","(0.017648323956699047, 2280.0)","(0.01768946144099463, 2280.0)","(0.017738724306412105, 2280.0)","(0.01780241201693614, 2280.0)","(0.01787337447651322, 2280.0)","(0.017953174335145556, 2280.0)","(0.01804066578246139, 2280.0)","(0.018127846095890382, 2280.0)","(0.01822693226661126, 2280.0)","(0.01833706468753921, 2280.0)","(0.01845020772771201, 2280.0)","(0.018571222854111637, 2279.9999999999995)","(0.018688163323262365, 2280.0)"
"(0.0797, 3752.0)","(0.08059314950277965, 3752.0)","(0.08060761594849919, 3752.0)","(0.08061943436264214, 3752.0)","(0.08062961974062949, 3752.0)","(0.08063891556504423, 3752.0)","(0.08064773379358446, 3752.0)","(0.08065543075537039, 3752.0)","(0.08066261323887787, 3752.0)","(0.08066930208162323, 3752.0)","(0.08067525431816595, 3752.0)","(0.0806807195819518, 3752.0)","(0.08068589874663828, 3752.0)","(0.08069100977264632, 3752.0)","(0.0806963404260766, 3752.0)","(0.08070168837464545, 3752.0)","(0.08070711467227573, 3752.0)","(0.08071239093978835, 3752.0)","(0.08071717064928659, 3752.0)","(0.08072182470856129, 3752.0)","(0.08072672590077978, 3751.9999999999995)","(0.08073215761616431, 3751.9999999999995)","(0.08073738241501158, 3752.0)","(0.08074263617800656, 3751.9999999999995)","(0.08074753132734533, 3752.0)","(0.08075217809348931, 3752.0)","(0.08075662544460191, 3752.0)","(0.08076103320443345, 3752.0)","(0.08076560703927024, 3751.9999999999995)","(0.08076997062356714, 3752.0)","(0.08077461968183793, 3752.0)","(0.08077936292568257, 3752.0)","(0.08078430350080694, 3752.0)","(0.08078897402171954, 3752.0)","(0.08079334656614848, 3752.0)","(0.08079778662413035, 3752.0)","(0.08080208665400242, 3752.0)","(0.08080654317362221, 3752.0)","(0.08081111971733612, 3752.0000000000005)","(0.08081574293708663, 3752.0)","(0.08082077915641102, 3752.0)","(0.08082595623734587, 3752.0)","(0.08083163571079968, 3752.0)","(0.08083725808945873, 3752.0)","(0.08084275856864719, 3752.0)","(0.08084779708009837, 3752.0000000000005)","(0.08085243696986195, 3751.9999999999995)","(0.08085935127453413, 3752.0)","(0.080867947166775, 3752.0)","(0.08087824089984731, 3752.0)","(0.0808915487796583, 3752.0)","(0.08090637675628634, 3752.0)","(0.08092305135361251, 3752.0)","(0.08094133314857403, 3752.0)","(0.08095954993048457, 3752.0000000000005)","(0.080980254503471, 3752.0)","(0.08100326724814252, 3752.0)","(0.08102690907743237, 3752.0)","(0.08105219582026214, 3752.0)","(0.08107663114217423, 3751.9999999999995)"
"(0.0181, 3752.0)","(0.023139915051399455, 3752.0)","(0.023221547137959687, 3752.0)","(0.023288236760623523, 3752.0)","(0.023345711393552068, 3752.0)","(0.0233981664027496, 3752.0)","(0.023447926406655148, 3752.0)","(0.02349135926244718, 3752.0)","(0.023531888990810806, 3752.0)","(0.023569633174873945, 3752.0)","(0.02360322079536502, 3752.0)","(0.023634060498156553, 3752.0)","(0.023663285784601702, 3752.0)","(0.02369212657421854, 3752.0)","(0.023722206690003692, 3752.0)","(0.023752384399785016, 3752.0)","(0.02378300422212733, 3752.0)","(0.023812777445948598, 3752.0)","(0.02383974866383147, 3752.0)","(0.023866010855452976, 3752.0)","(0.02389366758297164, 3751.9999999999995)","(0.023924317976927213, 3751.9999999999995)","(0.023953800770422515, 3752.0)","(0.023983447004465627, 3751.9999999999995)","(0.024011069632877198, 3752.0)","(0.024037290670403923, 3752.0)","(0.024062386437396437, 3752.0)","(0.024087258796445892, 3752.0)","(0.024113068293024894, 3751.9999999999995)","(0.024137691375843155, 3752.0)","(0.024163925347513958, 3752.0)","(0.02419069079492297, 3752.0)","(0.024218569754553405, 3752.0)","(0.02424492483684597, 3752.0)","(0.024269598480409237, 3752.0)","(0.024294653093306976, 3752.0)","(0.024318917547585073, 3752.0)","(0.02434406505115387, 3752.0)","(0.0243698898335395, 3752.0000000000005)","(0.024395978002131675, 3752.0)","(0.02442439666831928, 3752.0)","(0.02445361019645164, 3752.0)","(0.02448565865379821, 3752.0)","(0.024517384933374273, 3752.0)","(0.02454842335165199, 3752.0)","(0.024576854951983668, 3752.0000000000005)","(0.02460303718707818, 3751.9999999999995)","(0.02464205362058544, 3752.0)","(0.02469055901251605, 3752.0)","(0.024748645077709797, 3752.0)","(0.024823739542357535, 3752.0)","(0.024907411696187223, 3752.0)","(0.02500150406681341, 3752.0)","(0.025104665624096262, 3752.0)","(0.02520746032202, 3752.0000000000005)","(0.025324293269586406, 3752.0)","(0.025454150900232796, 3752.0)","(0.025587558365511173, 3752.0)","(0.02573024784290775, 3752.0)","(0.02586813287369741, 3751.9999999999995)"
"(0.0648, 5376.0)","(0.0660121314680581, 5376.0)","(0.06603176450153461, 5376.0)","(0.06604780377787148, 5376.0)","(0.06606162679085428, 5376.0)","(0.06607424255256003, 5376.0)","(0.06608621014843605, 5376.0)","(0.06609665602514551, 5376.0)","(0.06610640368133425, 5376.0)","(0.06611548139648867, 5376.0)","(0.06612355943179665, 5376.0)","(0.06613097657550601, 5376.0)","(0.06613800544186624, 5376.0)","(0.06614494183430572, 5376.0)","(0.06615217629253253, 5376.0)","(0.0661594342227331, 5376.0)","(0.06616679848380277, 5376.0)","(0.0661739591325699, 5376.0)","(0.06618044588117465, 5376.0)","(0.06618676210447602, 5376.0)","(0.06619341372248684, 5376.0)","(0.06620078533622299, 5376.0)","(0.06620787613465857, 5376.0)","(0.06621500624158033, 5376.0)","(0.06622164965854008, 5376.0)","(0.0662279559840212, 5376.0)","(0.06623399167481686, 5376.0)","(0.06623997363458825, 5376.0)","(0.06624618098186674, 5376.0)","(0.06625210298912683, 5376.0)","(0.06625841242535147, 5376.0)","(0.06626484968485488, 5376.0)","(0.06627155475109513, 5376.0)","(0.0662778933151908, 5376.0)","(0.06628382748263006, 5376.0)","(0.06628985327560546, 5376.0)","(0.06629568903043184, 5376.0)","(0.06630173716420157, 5376.0)","(0.0663079481878133, 5376.0)","(0.0663142225574747, 5376.0)","(0.0663210574265578, 5376.0)","(0.06632808346496938, 5376.0)","(0.06633579132179956, 5376.0)","(0.06634342169283686, 5376.0)","(0.06635088662887832, 5376.0)","(0.06635772460870493, 5376.0)","(0.06636402160195551, 5376.0)","(0.06637340530115346, 5376.0)","(0.06638507115490892, 5376.0)","(0.06639904122122134, 5376.0)","(0.06641710191525055, 5376.0)","(0.06643722559781719, 5376.0)","(0.06645985540847411, 5376.0)","(0.06648466641592188, 5376.0)","(0.06650938919137189, 5376.0)","(0.06653748825471065, 5376.0)","(0.06656871983676484, 5376.0)","(0.06660080517651534, 5376.0)","(0.06663512289892717, 5376.0)","(0.06666828512152216, 5376.0)"
"(0.014, 5376.0)","(0.01852954390695394, 5376.0)","(0.01860290945310301, 5376.0)","(0.018662845696256584, 5376.0)","(0.018714500113192367, 5376.0)","(0.018761643222724323, 5376.0)","(0.0188063642388926, 5376.0)","(0.018845398830806957, 5376.0)","(0.018881824282880596, 5376.0)","(0.018915746271089242, 5376.0)","(0.018945932613555906, 5376.0)","(0.01897364930846981, 5376.0)","(0.018999915072236973, 5376.0)","(0.0190258352755635, 5376.0)","(0.019052869303674204, 5376.0)","(0.01907999104284476, 5376.0)","(0.019107510123684057, 5376.0)","(0.01913426833749811, 5376.0)","(0.019158508292810565, 5376.0)","(0.019182111021989384, 5376.0)","(0.019206967068240335, 5376.0)","(0.01923451362483332, 5376.0)","(0.019261010818987324, 5376.0)","(0.01928765490274759, 5376.0)","(0.01931248030296558, 5376.0)","(0.019336046045552897, 5376.0)","(0.019358600469052495, 5376.0)","(0.019380954108198206, 5376.0)","(0.019404149984870476, 5376.0)","(0.019426279590947646, 5376.0)","(0.019449856957892295, 5376.0)","(0.019473911980247227, 5376.0)","(0.0194989677540923, 5376.0)","(0.019522653967291945, 5376.0)","(0.019544829014038683, 5376.0)","(0.019567346450946776, 5376.0)","(0.019589153745297978, 5376.0)","(0.0196117546662269, 5376.0)","(0.01963496428077601, 5376.0)","(0.01965841060951075, 5376.0)","(0.01968395143608442, 5376.0)","(0.019710206632254007, 5376.0)","(0.019739009676198394, 5376.0)","(0.019767523167969283, 5376.0)","(0.01979541845528217, 5376.0)","(0.01982097090621317, 5376.0)","(0.019844501775728492, 5376.0)","(0.019879567177994512, 5376.0)","(0.019923160631501773, 5376.0)","(0.019975364563511337, 5376.0)","(0.02004285452540994, 5376.0)","(0.020118053549737887, 5376.0)","(0.02020261757903484, 5376.0)","(0.020295332396339686, 5376.0)","(0.020387717504600257, 5376.0)","(0.020492719267602977, 5376.0)","(0.020609426758437074, 5376.0)","(0.020729324606978395, 5376.0)","(0.020857564517043674, 5376.0)","(0.020981486506740716, 5376.0)"
"(0.065, 7296.0)","(0.06831741243889584, 7296.0)","(0.0683711449515684, 7296.0)","(0.0684150419183851, 7296.0)","(0.06845287332233807, 7296.0)","(0.06848740067016429, 7295.999999999999)","(0.06852015409045654, 7296.0)","(0.06854874280566144, 7296.0)","(0.06857542060154635, 7296.0)","(0.06860026487460058, 7296.0)","(0.06862237318175926, 7296.0)","(0.06864267273296382, 7296.0)","(0.06866190963037073, 7296.0)","(0.06868089344125777, 7295.999999999999)","(0.06870069301114168, 7296.0)","(0.06872055682011165, 7296.0)","(0.06874071163988128, 7296.0)","(0.06876030920492819, 7296.0)","(0.0687780624116359, 7295.999999999999)","(0.06879534891751335, 7296.0)","(0.06881355334575348, 7296.0)","(0.06883372828861031, 7296.0)","(0.06885313468432874, 7296.0)","(0.06887264866116724, 7295.999999999999)","(0.0688908306444255, 7296.0)","(0.0689080900615317, 7296.0)","(0.06892460879423563, 7296.0)","(0.06894098047360996, 7296.0)","(0.06895796900300373, 7295.999999999999)","(0.06897417660182081, 7296.0)","(0.06899144453254083, 7296.0)","(0.06900906229539233, 7296.0)","(0.06902741300299718, 7296.0)","(0.06904476065210113, 7296.0)","(0.06906100153140861, 7296.0)","(0.0690774931753413, 7296.0)","(0.06909346471486612, 7296.0)","(0.06911001750202533, 7296.0)","(0.0691270160929627, 7296.0)","(0.06914418805203604, 7296.0)","(0.06916289400952662, 7296.0)","(0.06918212316728461, 7295.999999999999)","(0.06920321835439883, 7296.0)","(0.06922410147513243, 7296.000000000001)","(0.06924453182640383, 7296.0)","(0.06926324629750824, 7296.0)","(0.06928048017377297, 7296.0)","(0.06930616187684105, 7296.0)","(0.06933808947659284, 7296.0)","(0.06937632334228999, 7296.0)","(0.06942575261015939, 7296.0)","(0.0694808279519207, 7296.000000000001)","(0.06954276217056073, 7296.0)","(0.06961066598041779, 7296.0)","(0.06967832831322836, 7296.0)","(0.06975523101289231, 7296.0)","(0.06984070692167221, 7296.0)","(0.06992851943046305, 7296.0)","(0.07002244161811648, 7295.999999999999)","(0.07011320138521854, 7296.0)"
"(0.015, 7296.0)","(0.021698621270847374, 7296.0)","(0.02180711961374389, 7296.0)","(0.021895757719816073, 7296.0)","(0.021972148054721103, 7296.0)","(0.022041866737831744, 7295.999999999999)","(0.02210800345188342, 7296.0)","(0.022165730665277897, 7296.0)","(0.02221959929158398, 7296.0)","(0.022269765612174232, 7296.0)","(0.02231440738624465, 7296.0)","(0.02235539686463845, 7296.0)","(0.02239424059978707, 7296.0)","(0.02243257329484743, 7295.999999999999)","(0.022472553195574528, 7296.0)","(0.02251266280984084, 7296.0)","(0.02255336004206797, 7296.0)","(0.022592932048412694, 7296.0)","(0.022628779869649424, 7295.999999999999)","(0.022663685314209654, 7296.0)","(0.02270044425584838, 7296.0)","(0.02274118212123237, 7296.0)","(0.022780368112586886, 7296.0)","(0.022819771335049248, 7295.999999999999)","(0.02285648495508994, 7296.0)","(0.02289133570116977, 7296.0)","(0.02292469083451425, 7296.0)","(0.02295774903325087, 7296.0)","(0.022992052794526756, 7295.999999999999)","(0.023024779676753558, 7296.0)","(0.023059647613784373, 7296.0)","(0.023095221942619135, 7296.0)","(0.023132276256051992, 7296.0)","(0.02316730516289654, 7296.0)","(0.02320009924611354, 7296.0)","(0.023233399680977623, 7296.0)","(0.023265649905018133, 7296.0)","(0.023299073802166535, 7296.0)","(0.023333397880020854, 7296.0)","(0.023368072028149695, 7296.0)","(0.02340584367308259, 7296.0)","(0.023444671780093948, 7295.999999999999)","(0.02348726783099762, 7296.0)","(0.023529435670940492, 7296.000000000001)","(0.023570689264853912, 7296.0)","(0.02360847810073778, 7296.0)","(0.023643277273964668, 7296.0)","(0.023695134559005966, 7296.0)","(0.023759603750812475, 7296.0)","(0.023836806748854793, 7296.0)","(0.023936615847437233, 7296.0)","(0.02404782567214758, 7296.000000000001)","(0.024172885152093777, 7296.0)","(0.02430999861430516, 7296.0)","(0.024446624478634178, 7296.0)","(0.024601908776032567, 7296.0)","(0.024774504361068907, 7296.0)","(0.024951818080742698, 7296.0)","(0.025141468651965992, 7295.999999999999)","(0.025324733566306684, 7296.0)"
"(0.0867, 8712.0)","(0.08625342524861017, 8875.318766222565)","(0.0862461920257504, 8877.964059154136)","(0.08624028281867892, 8880.12514059742)","(0.08623519012968525, 8881.987609715105)","(0.08623054221747788, 8883.68741760809)","(0.08622613310320777, 8885.299893684016)","(0.0862222846223148, 8886.70733812487)","(0.08621869338056107, 8888.020706537667)","(0.08621534895918838, 8889.243809211104)","(0.08621237284091701, 8890.332218178917)","(0.08620964020902411, 8891.331580699756)","(0.08620705062668085, 8892.278627956714)","(0.08620449511367684, 8893.213215569613)","(0.0862018297869617, 8894.187963625436)","(0.08619915581267726, 8895.165874220882)","(0.08619644266386213, 8896.158111501849)","(0.0861938045301058, 8897.122914704158)","(0.0861914146753567, 8897.99691872669)","(0.08618908764571935, 8898.847946708349)","(0.08618663704961009, 8899.744164714019)","(0.08618392119191784, 8900.737392670046)","(0.08618130879249421, 8901.692784459261)","(0.0861786819109967, 8902.653472549771)","(0.08617623433632732, 8903.548585571716)","(0.08617391095325534, 8904.39827995233)","(0.08617168727769906, 8905.211509870061)","(0.08616948339778327, 8906.017500239259)","(0.08616719648036487, 8906.853858609415)","(0.08616501468821641, 8907.651771166562)","(0.08616269015908104, 8908.501884678933)","(0.08616031853715872, 8909.369220696237)","(0.08615784824959652, 8910.272640147554)","(0.08615551298914023, 8911.126678257287)","(0.08615332671692576, 8911.926229238577)","(0.08615110668793481, 8912.738125555265)","(0.0861489566729988, 8913.52441673187)","(0.08614672841318889, 8914.339323176633)","(0.08614444014133195, 8915.176176884319)","(0.08614212853145667, 8916.021565638697)","(0.0861396104217945, 8916.942474315156)","(0.08613702188132706, 8917.889140543242)","(0.08613418214460015, 8918.927672831942)","(0.08613137095527064, 8919.955764929597)","(0.0861286207156764, 8920.961566838343)","(0.08612610145995081, 8921.88289464656)","(0.08612378151506903, 8922.7313316319)","(0.08612032436273294, 8923.995661629098)","(0.08611602641661249, 8925.56748192457)","(0.08611087955007633, 8927.449764543508)","(0.08610422561017085, 8929.883205423232)","(0.08609681162185681, 8932.594606863788)","(0.08608847432319375, 8935.643676089145)","(0.08607933342571299, 8938.986632882106)","(0.08607022503475771, 8942.317701574319)","(0.08605987274826449, 8946.103680634698)","(0.08604836637592872, 8950.311725374631)","(0.08603654546128382, 8954.63480273049)","(0.08602390208986892, 8959.258664276504)","(0.08601168442891287, 8963.726837426142)"
"(0.084, 9992.0)","(0.08546731704028086, 9992.0)","(0.08549108334396295, 9992.0)","(0.08551049931005494, 9992.0)","(0.08552723243103415, 9992.0)","(0.08554250414257267, 9992.0)","(0.08555699123231733, 9992.0)","(0.08556963624096564, 9992.0)","(0.08558143603529936, 9992.0)","(0.08559242484838102, 9992.0)","(0.0856022035227012, 9992.0)","(0.08561118217034938, 9992.0)","(0.0856196907980486, 9992.0)","(0.08562808748363325, 9992.0)","(0.08563684498569728, 9992.0)","(0.08564563090120322, 9992.0)","(0.08565454553302441, 9992.0)","(0.08566321368679516, 9992.0)","(0.0856710660666851, 9992.0)","(0.08567871202120783, 9992.0)","(0.0856867639798525, 9992.0)","(0.08569568751226994, 9992.0)","(0.08570427111037618, 9992.0)","(0.08571290229243936, 9992.0)","(0.08572094432349589, 9992.0)","(0.08572857829644671, 9992.0)","(0.08573588465898883, 9992.0)","(0.08574312597871209, 9992.0)","(0.08575064013594397, 9992.0)","(0.08575780888157458, 9992.0)","(0.08576544662016229, 9992.0)","(0.08577323909219277, 9992.0)","(0.08578135575132569, 9992.0)","(0.08578902874996783, 9992.0)","(0.08579621221581535, 9992.0)","(0.08580350659678557, 9992.0)","(0.0858105709315754, 9992.0)","(0.08581789235666505, 9992.0)","(0.08582541096419505, 9992.0)","(0.08583300625378518, 9992.0)","(0.08584128004267524, 9992.0)","(0.0858497852470682, 9992.0)","(0.08585911581059949, 9992.0)","(0.08586835257553935, 9992.0)","(0.08587738907706324, 9992.0)","(0.0858856666315902, 9992.0)","(0.08589328930763035, 9992.0)","(0.08590464852244892, 9992.0)","(0.08591877034541606, 9992.0)","(0.08593568147832058, 9992.0)","(0.08595754442372434, 9992.0)","(0.08598190467104184, 9992.0)","(0.0860092986523634, 9992.0)","(0.08603933302980019, 9992.0)","(0.08606926060008178, 9992.0)","(0.08610327525570237, 9992.0)","(0.0861410819076627, 9992.0)","(0.08617992205578175, 9992.0)","(0.08622146456185922, 9992.0)","(0.0862616083050005, 9992.0)"
"(0.079, 11272.0)","(0.08423130423056652, 11272.0)","(0.08431603626978094, 11272.0)","(0.08438525840976112, 11272.0)","(0.08444491562368696, 11272.0)","(0.08449936259525907, 11272.0)","(0.0845510122195661, 11272.0)","(0.08459609442431226, 11272.0)","(0.08463816325628463, 11272.0)","(0.08467734076379321, 11272.0)","(0.08471220386354344, 11272.0)","(0.08474421469428908, 11272.0)","(0.08477454980173847, 11272.0)","(0.08480448581121419, 11272.0)","(0.08483570820987725, 11272.0)","(0.0848670319086376, 11272.0)","(0.08489881450904356, 11272.0)","(0.08492971836161753, 11272.0)","(0.08495771380296431, 11272.0)","(0.08498497329300182, 11272.0)","(0.08501368027599587, 11272.0)","(0.08504549460896242, 11272.0)","(0.08507609700221071, 11272.0)","(0.08510686904260989, 11272.0)","(0.08513554063159404, 11272.0)","(0.08516275740472307, 11272.0)","(0.08518880617552542, 11272.0)","(0.08521462305453878, 11272.0)","(0.08524141265858279, 11272.0)","(0.08526697079517896, 11272.0)","(0.08529420099362209, 11272.0)","(0.08532198285042637, 11272.0)","(0.08535092050472631, 11272.0)","(0.08537827641292874, 11272.0)","(0.08540388703029819, 11272.0)","(0.08542989308419205, 11272.0)","(0.08545507897344273, 11272.0)","(0.08548118144550149, 11272.000000000002)","(0.08550798691582581, 11272.0)","(0.08553506577436454, 11272.0)","(0.08556456363040735, 11272.0)","(0.08559488653302574, 11272.0)","(0.08562815202039814, 11272.0)","(0.08566108309540114, 11272.0)","(0.08569330018779067, 11272.0)","(0.0857228114691476, 11272.0)","(0.08574998796633432, 11272.0)","(0.08579048603655705, 11272.0)","(0.0858408334053964, 11272.0)","(0.08590112527053421, 11271.999999999998)","(0.08597907142371289, 11272.0)","(0.08606592100110573, 11272.0)","(0.08616358649973038, 11272.0)","(0.086270665584505, 11272.0)","(0.08637736387855241, 11272.0)","(0.08649863352033019, 11271.999999999998)","(0.08663342245340619, 11272.0)","(0.08677189602496096, 11272.000000000002)","(0.08692000409010678, 11271.999999999998)","(0.08706312526130618, 11272.0)"
"(0.0801, 12808.0)","(0.08469334030000963, 12808.0)","(0.0847677391637101, 12808.0)","(0.08482851957930246, 12807.999999999998)","(0.08488090152323734, 12808.0)","(0.08492870862022749, 12808.0)","(0.08497405950986292, 12808.0)","(0.08501364388476199, 12808.0)","(0.08505058237137188, 12808.0)","(0.08508498213406233, 12808.0)","(0.08511559363628204, 12808.0)","(0.08514370070718066, 12808.000000000002)","(0.08517033641128258, 12808.0)","(0.08519662168789538, 12808.0)","(0.08522403647696539, 12808.0)","(0.08525154021246228, 12808.0)","(0.08527944688598947, 12808.0)","(0.08530658197605442, 12808.0)","(0.08533116333918818, 12807.999999999998)","(0.08535509850117234, 12808.0)","(0.08538030463258174, 12808.0)","(0.08540823916884505, 12808.0)","(0.08543510956291672, 12808.0)","(0.08546212891546234, 12808.0)","(0.08548730396920454, 12808.0)","(0.08551120162365927, 12808.0)","(0.08553407371509548, 12808.0)","(0.08555674219422917, 12808.0)","(0.08558026477338977, 12808.0)","(0.08560270606405959, 12808.0)","(0.085626615506595, 12808.0)","(0.0856510093320817, 12808.0)","(0.08567641800414995, 12808.0)","(0.0857004378259862, 12808.0)","(0.085722925197335, 12808.0)","(0.0857457597812418, 12808.0)","(0.08576787422058386, 12808.0)","(0.08579079346434278, 12808.0)","(0.08581432997487146, 12808.0)","(0.08583810653358837, 12808.0)","(0.08586400709011378, 12808.000000000002)","(0.08589063207777871, 12808.0)","(0.08591984079839837, 12808.0)","(0.08594875588864492, 12808.0)","(0.08597704406732841, 12808.0)","(0.08600295641193448, 12808.0)","(0.0860268187021472, 12808.0)","(0.08606237798331838, 12808.0)","(0.08610658542912857, 12808.0)","(0.08615952462778614, 12807.999999999998)","(0.0862279651525284, 12808.0)","(0.08630422331804406, 12808.0)","(0.08638997839000716, 12808.0)","(0.08648399904980926, 12808.0)","(0.08657768535677772, 12808.0)","(0.08668416601785091, 12808.0)","(0.08680251727616153, 12808.0)","(0.086924103826795, 12808.0)","(0.08705414993277669, 12808.0)","(0.08717981730261029, 12807.999999999998)"
"(0.0912, 14856.0)","(0.09566574751389825, 14856.0)","(0.09573807974249593, 14856.0)","(0.09579717181321071, 14856.0)","(0.09584809870314741, 14856.0)","(0.09589457782522115, 14856.0)","(0.09593866896792227, 14856.0)","(0.09597715377685193, 14856.0)","(0.09601306619438932, 14856.0)","(0.09604651040811615, 14856.0)","(0.09607627159082976, 14856.0)","(0.09610359790975898, 14856.0)","(0.09612949373319138, 14856.0)","(0.09615504886323162, 14856.0)","(0.09618170213038302, 14856.0)","(0.09620844187322722, 14856.0)","(0.09623557336137864, 14856.0)","(0.0962619546989418, 14856.0)","(0.09628585324643295, 14856.0)","(0.09630912354280644, 14856.0)","(0.09633362950389893, 14856.0)","(0.09636078808082157, 14855.999999999998)","(0.09638691207505792, 14856.0)","(0.09641318089003284, 14855.999999999998)","(0.09643765663672663, 14856.0)","(0.09646089046744652, 14856.0)","(0.0964831272230095, 14856.0)","(0.09650516602216724, 14856.0)","(0.09652803519635117, 14855.999999999998)","(0.0965498531178357, 14856.0)","(0.0965730984091896, 14856.0)","(0.09659681462841276, 14856.0)","(0.09662151750403467, 14856.0)","(0.09664487010859768, 14856.0)","(0.09666673283074236, 14856.0)","(0.09668893312065174, 14856.0)","(0.09671043327001208, 14856.0)","(0.09673271586811102, 14856.0)","(0.09675559858668058, 14856.000000000002)","(0.09677871468543311, 14856.0)","(0.09680389578205506, 14856.000000000002)","(0.0968297811867293, 14856.0)","(0.09685817855399842, 14856.0)","(0.09688629044729366, 14856.0)","(0.09691379284323595, 14856.000000000002)","(0.09693898540049185, 14856.0)","(0.09696218484930977, 14856.0)","(0.09699675637267063, 14856.0)","(0.09703973583387498, 14856.0)","(0.09709120449923653, 14856.0)","(0.09715774389829149, 14856.0)","(0.09723188378143172, 14856.0)","(0.09731525676806252, 14856.0)","(0.0974066657428701, 14856.0)","(0.09749774965242278, 14856.0)","(0.09760127251735504, 14855.999999999998)","(0.0977163362407126, 14856.0)","(0.0978345453871618, 14856.0)","(0.09796097910131066, 14856.0)","(0.09808315571087112, 14856.0)"
"(0.0587, 15880.0)","(0.06476065734029048, 15880.0)","(0.06485882250767305, 15880.0)","(0.0649390188893574, 15880.0)","(0.06500813395427146, 15880.0)","(0.06507121276280015, 15880.0)","(0.06513105074218023, 15880.0)","(0.06518328012572762, 15880.0)","(0.06523201840667123, 15880.0)","(0.06527740698244335, 15880.0)","(0.06531779715898325, 15880.0)","(0.06535488287753002, 15880.0)","(0.06539002720933115, 15880.0)","(0.06542470917152862, 15880.0)","(0.06546088146266266, 15880.0)","(0.06549717111366551, 15880.0)","(0.06553399241901388, 15880.000000000002)","(0.06556979566284958, 15880.0)","(0.06560222940587329, 15879.999999999998)","(0.06563381052238015, 15880.0)","(0.06566706861243424, 15880.0)","(0.065703926681115, 15880.0)","(0.0657393806732929, 15880.0)","(0.06577503120790171, 15879.999999999998)","(0.06580824829270042, 15880.0)","(0.06583977992010598, 15880.0)","(0.06586995837408433, 15880.000000000002)","(0.06589986817294126, 15880.0)","(0.06593090490933373, 15880.0)","(0.06596051494563418, 15879.999999999998)","(0.06599206212675729, 15880.0)","(0.06602424842427446, 15880.0)","(0.06605777375547561, 15880.0)","(0.06608946657595402, 15880.0)","(0.06611913741315034, 15880.0)","(0.06614926637802737, 15879.999999999998)","(0.06617844515215926, 15880.0)","(0.06620868582100782, 15880.0)","(0.06623974093906648, 15880.000000000002)","(0.06627111278737353, 15880.0)","(0.066305287132789, 15880.0)","(0.0663404173248469, 15879.999999999998)","(0.06637895660899784, 15880.0)","(0.06641710846418425, 15880.0)","(0.06645443314439163, 15880.0)","(0.06648862304352465, 15880.0)","(0.06652010800977755, 15880.0)","(0.0665670265057673, 15880.0)","(0.06662535577454462, 15880.0)","(0.06669520610610671, 15879.999999999998)","(0.06678550957625273, 15880.0)","(0.0668861279890859, 15880.0)","(0.06699927704237056, 15880.0)","(0.06712333207960944, 15880.000000000002)","(0.0672469459568595, 15880.0)","(0.06738744127355327, 15879.999999999998)","(0.06754359918382424, 15879.999999999998)","(0.06770402588257672, 15880.0)","(0.06787561449463589, 15879.999999999998)","(0.0680414256076108, 15880.0)"
"(0.0901, 16896.0)","(0.09290704129445033, 16896.0)","(0.09295250726671173, 16896.0)","(0.09298965085401815, 16896.0)","(0.09302166204197836, 16896.0)","(0.09305087749013902, 16896.0)","(0.093078591922694, 16896.0)","(0.09310278237402121, 16896.0)","(0.09312535589361615, 16896.0)","(0.09314637797081587, 16896.0)","(0.09316508499995015, 16896.0)","(0.09318226154327706, 16896.0)","(0.093198538918006, 16896.0)","(0.09321460214260273, 16896.0)","(0.09323135562481219, 16896.0)","(0.0932481634631714, 16896.0)","(0.09326521754143802, 16896.0)","(0.0932818000964777, 16896.0)","(0.09329682204061499, 16896.0)","(0.09331144908404976, 16896.0)","(0.09332685283102217, 16896.0)","(0.09334392393651642, 16896.0)","(0.09336034473289356, 16896.0)","(0.0933768565594492, 16896.0)","(0.09339224131451387, 16896.0)","(0.09340684543668065, 16896.0)","(0.09342082282589169, 16896.0)","(0.09343467578536227, 16896.0)","(0.09344905069484931, 16896.0)","(0.09346276481692531, 16896.0)","(0.09347737614291918, 16896.0)","(0.0934922834807166, 16896.0)","(0.09350781100253608, 16896.0)","(0.09352248978254712, 16896.0)","(0.09353623206503806, 16896.0)","(0.09355018653298111, 16896.0)","(0.09356370091257904, 16896.0)","(0.09357770711709835, 16896.0)","(0.09359209054019922, 16896.0)","(0.09360662065941511, 16896.0)","(0.09362244877729176, 16896.0)","(0.09363871960308698, 16896.0)","(0.093656569376799, 16896.0)","(0.09367423970972745, 16896.0)","(0.09369152693003402, 16896.0)","(0.09370736225173773, 16896.0)","(0.09372194476242329, 16896.0)","(0.09374367543425012, 16896.0)","(0.09377069109557856, 16896.0)","(0.09380304282809153, 16896.0)","(0.0938448675932118, 16896.0)","(0.09389146980547136, 16896.0)","(0.09394387568278216, 16896.0)","(0.09400133275266122, 16896.0)","(0.0940585854958086, 16896.0)","(0.09412365701090888, 16896.0)","(0.0941959827798765, 16896.0)","(0.09427028567193028, 16896.0)","(0.09434975829225242, 16896.0)","(0.09442655501826185, 16896.0)"
"(0.0667, 18432.0)","(0.0696346340805617, 18432.0)","(0.0696821666879259, 18432.0)","(0.0697209986201099, 18432.0)","(0.0697544648620683, 18432.0)","(0.06978500828514533, 18432.0)","(0.06981398246463465, 18432.0)","(0.06983927248193127, 18432.0)","(0.06986287207059869, 18432.0)","(0.06988484969676204, 18432.0)","(0.06990440704540242, 18432.0)","(0.06992236434069875, 18432.0)","(0.0699393815960972, 18432.0)","(0.06995617496726649, 18432.0)","(0.06997368997139455, 18432.0)","(0.06999126180240646, 18432.0)","(0.07000909106604883, 18432.0)","(0.07002642737359033, 18432.0)","(0.07004213213337022, 18432.0)","(0.07005742404241566, 18432.0)","(0.070073527959705, 18432.0)","(0.0700913750245399, 18432.0)","(0.07010854222075236, 18432.0)","(0.07012580458487871, 18432.0)","(0.07014188864699178, 18432.0)","(0.07015715659289343, 18432.0)","(0.07017176931797767, 18432.0)","(0.07018625195742419, 18432.0)","(0.0702012802718879, 18432.0)","(0.07021561776314918, 18432.0)","(0.07023089324032458, 18432.0)","(0.07024647818438554, 18432.0)","(0.07026271150265136, 18432.0)","(0.07027805749993563, 18432.0)","(0.0702924244316307, 18432.0)","(0.07030701319357115, 18432.0)","(0.0703211418631508, 18432.0)","(0.0703357847133301, 18432.0)","(0.0703508219283901, 18432.0)","(0.07036601250757034, 18432.0)","(0.07038256008535047, 18432.0)","(0.0703995704941364, 18432.0)","(0.07041823162119897, 18432.0)","(0.0704367051510787, 18432.0)","(0.07045477815412647, 18432.0)","(0.07047133326318036, 18432.0)","(0.07048657861526071, 18432.0)","(0.07050929704489786, 18432.0)","(0.07053754069083214, 18432.0)","(0.07057136295664115, 18432.0)","(0.0706150888474487, 18432.0)","(0.0706638093420837, 18432.0)","(0.0707185973047268, 18432.0)","(0.07077866605960036, 18432.0)","(0.07083852120016355, 18432.0)","(0.07090655051140474, 18432.0)","(0.07098216381532542, 18431.999999999996)","(0.07105984411156346, 18432.0)","(0.07114292912371843, 18432.0)","(0.07122321661000103, 18432.0)"
"(0.0717, 20496.0)","(0.07412426293611618, 20496.0)","(0.07416352900306922, 20496.0)","(0.07419560755574295, 20496.0)","(0.07422325358170859, 20496.0)","(0.07424848510512005, 20496.0)","(0.07427242029687209, 20496.0)","(0.07429331205029105, 20496.0)","(0.07431280736266849, 20496.0)","(0.07433096279297734, 20496.0)","(0.0743471188635933, 20496.0)","(0.07436195315101202, 20496.0)","(0.07437601088373247, 20496.0)","(0.07438988366861145, 20496.0)","(0.07440435258506506, 20496.0)","(0.0744188684454662, 20496.0)","(0.07443359696760556, 20496.0)","(0.07444791826513983, 20496.0)","(0.07446089176234931, 20496.0)","(0.07447352420895206, 20496.0)","(0.0744868274449737, 20496.0)","(0.07450157067244599, 20496.0)","(0.07451575226931716, 20496.0)","(0.07453001248316068, 20496.0)","(0.07454329931708017, 20496.0)","(0.0745559119680424, 20496.0)","(0.07456798334963373, 20496.0)","(0.0745799472691765, 20496.0)","(0.07459236196373349, 20496.0)","(0.07460420597825367, 20496.0)","(0.07461682485070292, 20496.0)","(0.07462969936970978, 20496.0)","(0.07464310950219025, 20496.0)","(0.07465578663038161, 20496.0)","(0.07466765496526014, 20496.0)","(0.07467970655121095, 20496.0)","(0.0746913780608637, 20496.0)","(0.07470347432840313, 20496.0)","(0.0747158963756266, 20496.0)","(0.07472844511494942, 20496.0)","(0.0747421148531156, 20496.0)","(0.07475616692993875, 20495.999999999996)","(0.07477158264359914, 20496.0)","(0.0747868433856737, 20496.0)","(0.07480177325775665, 20496.0)","(0.07481544921740986, 20496.0)","(0.07482804320391101, 20496.0)","(0.07484681060230691, 20496.0)","(0.07487014230981784, 20496.0)","(0.07489808244244268, 20496.0)","(0.0749342038305011, 20496.0)","(0.07497445119563437, 20496.0)","(0.07501971081694822, 20496.0)","(0.07506933283184378, 20496.0)","(0.07511877838274379, 20496.0)","(0.0751749765094213, 20496.0)","(0.0752374396735297, 20496.0)","(0.07530161035303068, 20496.0)","(0.07537024579785435, 20496.0)","(0.07543657024304433, 20496.0)"
"(0.0998, 23040.0)","(0.07836441193328839, 22718.466178999326)","(0.07801721723601954, 22713.258258540292)","(0.07773357529658854, 22709.003629448827)","(0.07748912622489246, 22705.336893373387)","(0.0772660264389384, 22701.990396584075)","(0.07705438895397304, 22698.815834309593)","(0.07686966187111073, 22696.04492806666)","(0.07669728226693126, 22693.459234003967)","(0.07653675004104246, 22691.051250615637)","(0.07639389636401711, 22688.908445460256)","(0.07626273003315695, 22686.940950497356)","(0.07613843008068137, 22685.07645121022)","(0.07601576545648821, 22683.23648184732)","(0.0758878297741615, 22681.317446612426)","(0.0757594790085093, 22679.39218512764)","(0.0756292478653825, 22677.438717980738)","(0.07550261744507938, 22675.53926167619)","(0.07538790441712183, 22673.81856625683)","(0.07527620699452911, 22672.143104917937)","(0.07515857838128516, 22670.378675719276)","(0.07502821721205641, 22668.423258180843)","(0.07490282203972196, 22666.542330595832)","(0.07477673172784238, 22664.650975917633)","(0.07465924814371218, 22662.888722155683)","(0.07454772575625672, 22661.215886343853)","(0.0744409893295544, 22659.614839943315)","(0.0743352030935972, 22658.02804640396)","(0.07422543105751436, 22656.381465862716)","(0.0741207050343886, 22654.81057551583)","(0.07400912763589, 22653.13691453835)","(0.07389528978361876, 22651.429346754285)","(0.07377671598063361, 22649.650739709505)","(0.07366462347873107, 22647.969352180968)","(0.07355968241243666, 22646.395236186552)","(0.07345312102087159, 22644.796815313075)","(0.07334992030394197, 22643.24880455913)","(0.07324296383306708, 22641.644457496008)","(0.07313312678393327, 22639.996901759)","(0.07302216950992096, 22638.332542648815)","(0.07290130024613573, 22636.519503692038)","(0.07277705030369935, 22634.65575455549)","(0.0726407429408076, 22632.611144112114)","(0.07250580585299043, 22630.587087794855)","(0.07237379435246748, 22628.60691528701)","(0.0722528700776391, 22626.79305116459)","(0.07214151272331305, 22625.122690849694)","(0.07197556941118091, 22622.633541167714)","(0.07176926799740006, 22619.539019960997)","(0.07152221840366466, 22615.833276054967)","(0.07120282928820085, 22611.042439323013)","(0.07084695784912774, 22605.704367736915)","(0.07044676751329991, 22599.7015126995)","(0.07000800443422348, 22593.12006651335)","(0.06957080166837062, 22586.56202502556)","(0.06907389191669577, 22579.108378750436)","(0.06852158604457947, 22570.82379066869)","(0.06795418214162338, 22562.312732124352)","(0.0673473003137088, 22553.209504705632)","(0.06676085258781858, 22544.412788817277)"
"(0.0522, 24072.0)","(0.05583639440417429, 24072.0)","(0.05589529350460383, 24072.0)","(0.05594341133361444, 24072.0)","(0.055984880372562884, 24072.0)","(0.056022727657680085, 24072.0)","(0.05605863044530814, 24072.0)","(0.05608996807543657, 24072.0)","(0.056119211044002734, 24072.0)","(0.056146444189466016, 24072.0)","(0.05617067829538995, 24072.0)","(0.056192929726518015, 24072.0)","(0.0562140163255987, 24072.0)","(0.056234825502917175, 24072.0)","(0.0562565288775976, 24072.0)","(0.05627830266819932, 24072.0)","(0.05630039545140833, 24072.0)","(0.056321877397709746, 24072.0)","(0.056341337643523975, 24072.0)","(0.0563602863134281, 24072.0)","(0.05638024116746055, 24072.0)","(0.056402356008669004, 24071.999999999996)","(0.056423628403975745, 24072.0)","(0.056445018724741024, 24071.999999999996)","(0.05646494897562025, 24072.0)","(0.05648386795206359, 24072.0)","(0.0565019750244506, 24072.0)","(0.05651992090376476, 24072.0)","(0.05653854294560024, 24072.0)","(0.0565563089673805, 24072.0)","(0.05657523727605438, 24072.0)","(0.05659454905456468, 24072.0)","(0.056614664253285374, 24072.0)","(0.056633679945572404, 24072.0)","(0.056651482447890214, 24072.0)","(0.05666955982681642, 24072.0)","(0.05668706709129556, 24072.0)","(0.0567052114926047, 24072.000000000004)","(0.056723844563439894, 24072.0)","(0.05674266767242413, 24072.0)","(0.05676317227967341, 24072.000000000004)","(0.05678425039490814, 24071.999999999996)","(0.056807373965398714, 24072.0)","(0.05683026507851056, 24072.000000000004)","(0.05685265988663498, 24072.0)","(0.0568731738261148, 24072.0)","(0.05689206480586654, 24072.0)","(0.056920215903460386, 24072.0)","(0.056955213464726775, 24072.0)","(0.05699712366366403, 24071.999999999996)","(0.057051305745751645, 24072.0)","(0.05711167679345155, 24072.0)","(0.057179566225422335, 24072.000000000004)","(0.05725399924776567, 24072.0)","(0.0573281675741157, 24072.0)","(0.05741246476413197, 24072.0)","(0.057506159510294544, 24072.0)","(0.057602415529546036, 24072.0)","(0.05770536869678154, 24072.0)","(0.05780485536456648, 24072.0)"
"(0.0677, 26120.0)","(0.07037944850833895, 26120.0)","(0.07042284784549756, 26120.0)","(0.07045830308792643, 26120.0)","(0.07048885922188844, 26120.0)","(0.07051674669513269, 26120.0)","(0.07054320138075337, 26120.0)","(0.07056629226611116, 26120.0)","(0.0705878397166336, 26120.0)","(0.07060790624486969, 26120.0)","(0.07062576295449786, 26120.0)","(0.07064215874585539, 26120.0)","(0.07065769623991483, 26120.0)","(0.07067302931793898, 26119.999999999996)","(0.07068902127822982, 26120.0)","(0.07070506512393634, 26120.0)","(0.0707213440168272, 26120.0)","(0.07073717281936509, 26120.0)","(0.07075151194785977, 26120.0)","(0.07076547412568386, 26120.0)","(0.07078017770233935, 26120.0)","(0.07079647284849294, 26120.0)","(0.07081214724503476, 26120.0)","(0.0708279085340197, 26120.0)","(0.07084259398203598, 26120.0)","(0.07085653428046791, 26120.0)","(0.0708698763338057, 26120.0)","(0.07088309961330036, 26120.0)","(0.0708968211178107, 26120.0)","(0.07090991187070142, 26120.0)","(0.07092385904551377, 26120.0)","(0.07093808877704766, 26120.0)","(0.07095291050242081, 26120.0)","(0.07096692206515862, 26120.0)","(0.07098003969844542, 26120.0)","(0.07099335987239105, 26119.999999999996)","(0.07100625996200725, 26120.0)","(0.07101962952086661, 26120.000000000004)","(0.07103335915200835, 26120.0)","(0.07104722881125988, 26120.0)","(0.07106233746923304, 26120.0)","(0.07107786871203758, 26120.0)","(0.07109490713239905, 26120.0)","(0.0711117742683762, 26120.0)","(0.07112827570594157, 26120.0)","(0.07114339124029512, 26120.0)","(0.07115731090958587, 26120.0)","(0.0711780538236024, 26120.0)","(0.071203841500325, 26120.0)","(0.07123472269954191, 26120.0)","(0.0712746463389749, 26120.0)","(0.07131913026885904, 26120.000000000004)","(0.07136915406083752, 26120.0)","(0.07142399944572207, 26120.000000000004)","(0.07147864979145367, 26120.0)","(0.07154076351041302, 26120.0)","(0.07160980174442756, 26120.0)","(0.07168072723229708, 26120.000000000004)","(0.0717565874607864, 26120.0)","(0.07182989342652268, 26120.0)"
"(0.0665, 28168.0)","(0.07026398719028568, 28168.0)","(0.070324952925818, 28168.0)","(0.07037475909970618, 28168.0)","(0.07041768319265282, 28168.0)","(0.07045685845268641, 28168.0)","(0.07049402098724879, 28168.0)","(0.07052645818334663, 28168.0)","(0.07055672722098529, 28168.0)","(0.07058491591541219, 28168.0)","(0.07061000034084224, 28168.0)","(0.07063303252393971, 28168.0)","(0.07065485900368988, 28168.0)","(0.07067639832758094, 28167.999999999996)","(0.07069886322417998, 28168.0)","(0.07072140100743438, 28168.0)","(0.07074426897601915, 28168.0)","(0.07076650467482237, 28168.0)","(0.0707866477362792, 28168.0)","(0.070806261271794, 28168.0)","(0.07082691629614338, 28168.0)","(0.07084980709669247, 28168.0)","(0.07087182589183455, 28168.0)","(0.07089396675017054, 28168.0)","(0.07091459630809815, 28168.0)","(0.07093417910827636, 28168.0)","(0.07095292151653658, 28168.0)","(0.07097149707582669, 28168.0)","(0.07099077252263884, 28167.999999999996)","(0.07100916191360439, 28167.999999999996)","(0.07102875437345979, 28168.0)","(0.07104874375823361, 28168.0)","(0.07106956475340065, 28168.0)","(0.07108924766296092, 28168.0)","(0.07110767481448285, 28168.0)","(0.07112638648740648, 28168.0)","(0.07114450804186734, 28168.0)","(0.07116328908883644, 28168.000000000004)","(0.07118257595163077, 28168.0)","(0.07120205952057936, 28168.0)","(0.07122328358773214, 28168.000000000004)","(0.07124510128595755, 28168.0)","(0.07126903620979867, 28168.0)","(0.0712927305198618, 28168.0)","(0.07131591111072744, 28168.0)","(0.07133714483755743, 28168.0)","(0.07135669865870396, 28168.0)","(0.07138583751410812, 28168.0)","(0.07142206305998035, 28168.0)","(0.07146544379221365, 28168.0)","(0.07152152699998855, 28168.0)","(0.0715840163300639, 28168.000000000004)","(0.071654287847367, 28168.0)","(0.07173133255470482, 28168.0)","(0.07180810327847065, 28168.0)","(0.07189535826462783, 28168.0)","(0.0719923405457435, 28168.0)","(0.07209197396917923, 28168.0)","(0.07219853952824756, 28168.0)","(0.07230151695630567, 28168.0)"
"(0.054, 29704.0)","(0.057381208831951525, 29704.0)","(0.05743597466217549, 29704.0)","(0.057480715801430965, 29704.0)","(0.05751927473238304, 29704.0)","(0.05755446606766745, 29704.0)","(0.05758784936142687, 29704.0)","(0.057616987859616456, 29704.0)","(0.05764417869003763, 29704.0)","(0.057669500737573653, 29704.0)","(0.0576920342044854, 29704.0)","(0.05771272413167465, 29704.000000000004)","(0.05773233096941632, 29704.0)","(0.05775167985358965, 29704.0)","(0.05777186018443285, 29704.0)","(0.057792105989729184, 29704.0)","(0.057812648402186695, 29704.0)","(0.057832622843484505, 29704.0)","(0.05785071745801352, 29703.999999999996)","(0.05786833639669631, 29704.0)","(0.0578868909100949, 29704.0)","(0.05790745383262205, 29704.0)","(0.057927233428258146, 29704.0)","(0.057947122673882, 29704.0)","(0.057965654310664444, 29704.0)","(0.057983245639638074, 29704.0)","(0.05800008204027862, 29704.0)","(0.05801676855964091, 29704.0)","(0.05803408379152303, 29704.0)","(0.05805060307493275, 29704.0)","(0.05806820308124354, 29704.0)","(0.058086159647226805, 29704.0)","(0.05810486325305481, 29704.0)","(0.0581225445107954, 29704.0)","(0.058139097714704935, 29704.0)","(0.05815590650563632, 29704.0)","(0.058172185190152007, 29704.0)","(0.058189056300141206, 29704.0)","(0.05820638178705814, 29704.0)","(0.05822388397611366, 29704.0)","(0.05824294966355597, 29704.000000000004)","(0.05826254861280933, 29704.0)","(0.0582840494765988, 29704.0)","(0.05830533419580805, 29704.0)","(0.05832615743845007, 29704.0)","(0.05834523180322955, 29704.0)","(0.05836279710019169, 29704.0)","(0.05838897268216492, 29704.0)","(0.05842151427421963, 29704.0)","(0.0584604834065648, 29704.0)","(0.05851086323727784, 29704.0)","(0.058566997720226874, 29704.0)","(0.05863012298153305, 29704.0)","(0.058699332633887366, 29704.0)","(0.058768296165405826, 29704.0)","(0.058846677763140245, 29704.0)","(0.05893379743939669, 29704.0)","(0.05902329865027965, 29704.0)","(0.0591190270338495, 29703.999999999996)","(0.059211532181088135, 29703.999999999996)"
"(0.0454, 30728.0)","(0.06747355199726851, 31381.27506489026)","(0.0678310798700513, 31391.85623661655)","(0.06812316353387012, 31400.50056238968)","(0.06837488787555716, 31407.950438860422)","(0.06860462753609317, 31414.74967043235)","(0.06882256375573013, 31421.199574736056)","(0.06901278866843955, 31426.829352499484)","(0.0691902986179815, 31432.08282615067)","(0.06935560858868842, 31436.975236844417)","(0.06950271386324428, 31441.32887271567)","(0.06963778395395148, 31445.326322799025)","(0.06976578330977454, 31449.114511826854)","(0.06989209866683059, 31452.85286227845)","(0.07002384195875036, 31456.751854501745)","(0.07015601268766601, 31460.66349688352)","(0.07029011975767159, 31464.632446007396)","(0.07042051894048373, 31468.49165881663)","(0.0705386460466543, 31471.987674906763)","(0.07065366779730038, 31475.391786833396)","(0.07077479726212896, 31478.976658856067)","(0.07090903822806097, 31482.949570680186)","(0.07103816539957203, 31486.771137837044)","(0.07116800839930516, 31490.613890199085)","(0.07128898851867733, 31494.194342286868)","(0.07140383002480706, 31497.593119809317)","(0.07151374313087554, 31500.846039480246)","(0.0716226777667124, 31504.070000957036)","(0.07173571682767865, 31507.415434437655)","(0.07184355969673079, 31510.60708466625)","(0.07195845785113708, 31514.007538715734)","(0.07207568373472592, 31517.47688278495)","(0.07219778651994277, 31521.090560590215)","(0.07231321510821145, 31524.50671302915)","(0.07242127942052654, 31527.70491695431)","(0.07253101228207864, 31530.952502221055)","(0.0726372844489169, 31534.097666927482)","(0.07274742414809164, 31537.35729270653)","(0.07286053015702111, 31540.704707537276)","(0.0729747897308552, 31544.08626255479)","(0.07309925629415787, 31547.769897260627)","(0.07322720415154768, 31551.556562172973)","(0.07336756828119217, 31555.710691327768)","(0.07350652135376581, 31559.823059718387)","(0.0736424617679948, 31563.846267353372)","(0.07376698497957403, 31567.531578586237)","(0.07388165654087406, 31570.925326527602)","(0.07405253864205777, 31575.98264651639)","(0.07426497997886779, 31582.269927698282)","(0.0745193822390834, 31589.79905817403)","(0.07484827698298364, 31599.532821692927)","(0.07521473983393394, 31610.378427455154)","(0.0756268405964233, 31622.574704356575)","(0.07607866210047226, 31635.94653152843)","(0.07652887685340405, 31649.270806297278)","(0.0770405755857835, 31664.414722538793)","(0.07760931913266517, 31681.24690149853)","(0.07819361005654261, 31698.539210921957)","(0.07881855384362128, 31717.034657106018)","(0.07942245537087728, 31734.907349704572)"
"(0.0961, 32776.0)","(0.09418610820832932, 32776.0)","(0.09415510868178747, 32776.0)","(0.09412978350862397, 32776.0)","(0.09410795769865112, 32776.0)","(0.0940880380749052, 32776.0)","(0.09406914187089045, 32776.0)","(0.09405264838134918, 32776.0)","(0.09403725734526172, 32776.0)","(0.09402292411080737, 32776.0)","(0.09401016931821582, 32776.0)","(0.09399845803867474, 32776.0)","(0.09398735982863227, 32776.0)","(0.09397640763004358, 32776.0)","(0.09396498480126442, 32776.0)","(0.09395352491147405, 32776.0)","(0.09394189713083774, 32776.0)","(0.09393059084331067, 32776.0)","(0.0939203486086716, 32776.0)","(0.09391037562451153, 32776.0)","(0.09389987306975761, 32776.0)","(0.09388823367964788, 32776.0)","(0.09387703768211804, 32776.0)","(0.09386577961855735, 32776.0)","(0.09385529001283144, 32776.0)","(0.09384533265680864, 32776.0)","(0.09383580261871022, 32776.0)","(0.09382635741907118, 32776.0)","(0.09381655634442093, 32776.0)","(0.09380720580664184, 32776.0)","(0.09379724353891876, 32776.0)","(0.09378707944496596, 32776.0)","(0.09377649249827086, 32776.0)","(0.09376648423917242, 32776.0)","(0.09375711450111042, 32776.0)","(0.09374760009114924, 32776.0)","(0.09373838574142339, 32776.0)","(0.09372883605652385, 32776.0)","(0.0937190291771369, 32776.0)","(0.09370912227767152, 32776.0)","(0.09369833037911927, 32776.0)","(0.09368723663425887, 32776.0)","(0.09367506633400068, 32776.0)","(0.09366301837973129, 32776.0)","(0.09365123163861318, 32776.0)","(0.09364043482836064, 32776.0)","(0.09363049220743867, 32776.0)","(0.093615675840284, 32776.0)","(0.09359725607119643, 32776.0)","(0.09357519807175578, 32776.0)","(0.0935466811864465, 32776.0)","(0.09351490695081499, 32776.0)","(0.09347917567083036, 32776.0)","(0.09344000039591281, 32776.0)","(0.09340096443467595, 32776.0)","(0.09335659749256213, 32776.0)","(0.09330728446826603, 32776.0)","(0.09325662340550209, 32776.0)","(0.09320243752800972, 32776.0)","(0.09315007612391238, 32776.0)"
"(0.0269, 32776.0)","(0.02983463408056171, 32776.0)","(0.0298821666879259, 32776.0)","(0.029920998620109898, 32776.0)","(0.029954464862068292, 32776.0)","(0.02998500828514533, 32776.0)","(0.03001398246463464, 32776.0)","(0.03003927248193127, 32776.0)","(0.030062872070598698, 32776.0)","(0.030084849696762044, 32776.0)","(0.030104407045402418, 32776.0)","(0.030122364340698753, 32776.0)","(0.030139381596097192, 32776.0)","(0.030156174967266493, 32776.0)","(0.03017368997139456, 32776.0)","(0.030191261802406465, 32776.0)","(0.030209091066048827, 32776.0)","(0.030226427373590322, 32776.0)","(0.030242132133370223, 32776.0)","(0.03025742404241566, 32776.0)","(0.030273527959705004, 32776.0)","(0.030291375024539893, 32776.0)","(0.03030854222075235, 32776.0)","(0.03032580458487872, 32776.0)","(0.030341888646991784, 32776.0)","(0.030357156592893425, 32776.0)","(0.030371769317977672, 32776.0)","(0.03038625195742419, 32776.0)","(0.03040128027188791, 32776.0)","(0.030415617763149178, 32776.0)","(0.030430893240324584, 32776.0)","(0.030446478184385527, 32776.0)","(0.03046271150265135, 32776.0)","(0.030478057499935627, 32776.0)","(0.030492424431630694, 32776.0)","(0.03050701319357115, 32776.0)","(0.030521141863150802, 32776.0)","(0.030535784713330103, 32776.0)","(0.030550821928390093, 32776.0)","(0.030566012507570343, 32776.0)","(0.030582560085350468, 32776.0)","(0.030599570494136395, 32776.0)","(0.030618231621198956, 32776.0)","(0.03063670515107869, 32776.0)","(0.030654778154126476, 32776.0)","(0.03067133326318036, 32776.0)","(0.030686578615260713, 32776.0)","(0.030709297044897853, 32776.0)","(0.030737540690832132, 32776.0)","(0.030771362956641145, 32776.0)","(0.030815088847448692, 32776.0)","(0.0308638093420837, 32776.0)","(0.0309185973047268, 32776.0)","(0.030978666059600358, 32776.0)","(0.031038521200163545, 32776.0)","(0.031106550511404745, 32776.0)","(0.031182163815325428, 32776.0)","(0.03125984411156347, 32776.0)","(0.03134292912371844, 32776.0)","(0.031423216610001026, 32776.0)"
"(0.0352, 34816.0)","(0.040239915051399455, 34816.0)","(0.04032154713795969, 34816.0)","(0.04038823676062352, 34816.0)","(0.04044571139355207, 34816.0)","(0.0404981664027496, 34816.0)","(0.040547926406655145, 34816.0)","(0.04059135926244718, 34816.0)","(0.040631888990810806, 34816.0)","(0.040669633174873945, 34816.0)","(0.04070322079536502, 34816.0)","(0.04073406049815655, 34816.0)","(0.0407632857846017, 34816.0)","(0.040792126574218546, 34816.0)","(0.04082220669000369, 34816.0)","(0.040852384399785016, 34816.0)","(0.04088300422212733, 34816.0)","(0.040912777445948595, 34816.0)","(0.040939748663831474, 34816.0)","(0.04096601085545298, 34816.0)","(0.040993667582971634, 34816.0)","(0.04102431797692722, 34816.0)","(0.04105380077042252, 34816.0)","(0.04108344700446563, 34816.0)","(0.041111069632877195, 34816.0)","(0.04113729067040392, 34816.0)","(0.041162386437396434, 34816.0)","(0.0411872587964459, 34816.0)","(0.041213068293024895, 34816.0)","(0.041237691375843155, 34816.0)","(0.04126392534751396, 34816.0)","(0.041290690794922966, 34816.0)","(0.041318569754553405, 34816.0)","(0.041344924836845966, 34816.0)","(0.041369598480409234, 34816.0)","(0.04139465309330697, 34816.0)","(0.041418917547585074, 34816.0)","(0.041444065051153875, 34816.0)","(0.041469889833539504, 34816.0)","(0.04149597800213168, 34816.0)","(0.04152439666831928, 34816.0)","(0.04155361019645164, 34816.0)","(0.04158565865379821, 34816.0)","(0.041617384933374274, 34816.0)","(0.04164842335165199, 34816.0)","(0.041676854951983665, 34816.0)","(0.04170303718707818, 34816.0)","(0.04174205362058544, 34816.0)","(0.041790559012516056, 34816.0)","(0.041848645077709794, 34816.0)","(0.04192373954235754, 34816.0)","(0.04200741169618723, 34816.0)","(0.042101504066813414, 34816.0)","(0.04220466562409627, 34816.0)","(0.04230746032202, 34816.0)","(0.04242429326958641, 34816.0)","(0.0425541509002328, 34816.0)","(0.04268755836551118, 34816.0)","(0.042830247842907745, 34816.0)","(0.04296813287369741, 34816.0)"
"(0.0414, 36896.0)","(0.0467588970166779, 36896.0)","(0.046845695690995115, 36896.0)","(0.04691660617585285, 36896.0)","(0.04697771844377688, 36896.0)","(0.04703349339026539, 36896.0)","(0.04708640276150673, 36896.0)","(0.04713258453222231, 36896.0)","(0.047175679433267184, 36896.0)","(0.047215812489739384, 36896.0)","(0.047251525908995715, 36896.0)","(0.04728431749171076, 36896.0)","(0.04731539247982965, 36896.0)","(0.047346058635877944, 36896.0)","(0.04737804255645962, 36896.0)","(0.04741013024787267, 36896.0)","(0.04744268803365438, 36896.0)","(0.04747434563873015, 36896.0)","(0.04750302389571953, 36896.0)","(0.04753094825136772, 36896.0)","(0.0475603554046787, 36896.0)","(0.0475929456969859, 36896.0)","(0.0476242944900695, 36896.0)","(0.0476558170680394, 36896.0)","(0.04768518796407195, 36896.0)","(0.047713068560935816, 36896.0)","(0.0477397526676114, 36896.0)","(0.04776619922660069, 36896.0)","(0.04779364223562141, 36896.0)","(0.047819823741402846, 36896.0)","(0.047847718091027495, 36896.0)","(0.0478761775540953, 36896.0)","(0.0479058210048416, 36896.0)","(0.047933844130317226, 36896.0)","(0.04796007939689083, 36896.0)","(0.047986719744782094, 36896.0)","(0.04801251992401451, 36896.0)","(0.04803925904173323, 36896.0)","(0.04806671830401669, 36896.0)","(0.04809445762251976, 36896.0)","(0.048124674938466075, 36896.0)","(0.048155737424075154, 36896.0)","(0.04818981426479809, 36896.0)","(0.04822354853675239, 36896.0)","(0.048256551411883127, 36896.0)","(0.04828678248059022, 36896.0)","(0.04831462181917173, 36896.0)","(0.04835610764720477, 36896.0)","(0.04840768300064998, 36896.0)","(0.048469445399083835, 36896.0)","(0.04854929267794978, 36896.0)","(0.04863826053771806, 36896.0)","(0.04873830812167502, 36896.0)","(0.04884799889144413, 36896.0)","(0.04895729958290734, 36896.0)","(0.049081527020826056, 36896.0)","(0.049219603488855124, 36896.0)","(0.04936145446459416, 36896.0)","(0.0495131749215728, 36895.99999999999)","(0.04965978685304535, 36895.99999999999)"
"(0.045, 38936.0)","(0.04946574751389825, 38936.0)","(0.049538079742495925, 38936.0)","(0.049597171813210716, 38936.0)","(0.0496480987031474, 38936.0)","(0.04969457782522116, 38936.0)","(0.049738668967922284, 38936.0)","(0.04977715377685193, 38936.0)","(0.04981306619438932, 38936.0)","(0.04984651040811615, 38936.0)","(0.04987627159082977, 38936.0)","(0.04990359790975897, 38936.0)","(0.04992949373319138, 38936.0)","(0.04995504886323161, 38936.0)","(0.04998170213038302, 38936.0)","(0.05000844187322723, 38936.0)","(0.05003557336137865, 38936.0)","(0.0500619546989418, 38936.0)","(0.05008585324643294, 38936.0)","(0.05010912354280643, 38936.0)","(0.05013362950389892, 38936.0)","(0.05016078808082158, 38936.0)","(0.050186912075057925, 38936.0)","(0.05021318089003283, 38936.0)","(0.05023765663672663, 38936.0)","(0.050260890467446515, 38936.0)","(0.0502831272230095, 38936.0)","(0.05030516602216724, 38936.0)","(0.05032803519635117, 38936.0)","(0.0503498531178357, 38936.0)","(0.05037309840918958, 38936.0)","(0.05039681462841276, 38936.0)","(0.05042151750403466, 38936.0)","(0.05044487010859769, 38936.0)","(0.050466732830742364, 38936.0)","(0.05048893312065175, 38936.0)","(0.05051043327001209, 38936.0)","(0.050532715868111026, 38936.0)","(0.050555598586680565, 38936.0)","(0.05057871468543313, 38936.0)","(0.050603895782055056, 38936.0)","(0.0506297811867293, 38936.0)","(0.050658178553998415, 38936.0)","(0.05068629044729366, 38936.0)","(0.05071379284323594, 38936.0)","(0.050738985400491855, 38936.0)","(0.05076218484930978, 38936.0)","(0.05079675637267064, 38936.0)","(0.05083973583387498, 38936.0)","(0.05089120449923652, 38936.0)","(0.05095774389829148, 38936.00000000001)","(0.05103188378143172, 38936.0)","(0.051115256768062514, 38936.0)","(0.051206665742870104, 38936.0)","(0.051297749652422786, 38936.0)","(0.051401272517355046, 38935.99999999999)","(0.0515163362407126, 38936.0)","(0.0516345453871618, 38936.0)","(0.05176097910131067, 38936.0)","(0.05188315571087112, 38936.0)"
"(0.0465, 40976.0)","(0.049498430473617405, 40976.0)","(0.04954699639853298, 40976.0)","(0.049586672503155765, 40976.0)","(0.04962086627211326, 40976.0)","(0.0496520736826485, 40976.0)","(0.049681677735604966, 40976.0)","(0.0497075175358863, 40976.0)","(0.04973163015908997, 40976.0)","(0.04975408555973514, 40976.0)","(0.04977406806812856, 40976.0)","(0.049792415739409596, 40976.0)","(0.04980980293514278, 40976.0)","(0.049826961379598377, 40976.0)","(0.04984485714468574, 40976.0)","(0.049862810972023996, 40976.0)","(0.04988102782835424, 40976.0)","(0.049898741012146634, 40976.0)","(0.04991478717974784, 40976.0)","(0.049930411521598606, 40976.0)","(0.04994686552404642, 40976.0)","(0.049965100568551635, 40976.0)","(0.049982640964681746, 40976.0)","(0.05000027859759347, 40976.0)","(0.05001671231323074, 40976.0)","(0.05003231217099981, 40976.0)","(0.05004724256402067, 40976.0)","(0.05006204004345515, 40976.0)","(0.05007739506040722, 40976.0)","(0.05009204423626112, 40976.0)","(0.0501076517890273, 40976.0)","(0.05012357553622, 40976.0)","(0.05014016175270899, 40976.0)","(0.05015584135862988, 40976.0)","(0.050170520614927015, 40976.0)","(0.05018542652386617, 40976.0)","(0.05019986233843669, 40976.0)","(0.05021482351144598, 40976.0)","(0.05023018762248553, 40976.0)","(0.05024570843164797, 40976.0)","(0.050262615739379825, 40976.0)","(0.0502799959396611, 40976.0)","(0.05029906274339894, 40976.0)","(0.05031793787175432, 40976.0)","(0.0503364037661727, 40976.0)","(0.05035331876890168, 40976.0)","(0.05036889554167943, 40976.0)","(0.050392107850221725, 40976.0)","(0.05042096548845892, 40976.0)","(0.05045552302091595, 40976.0)","(0.050500199474567145, 40976.0)","(0.05054997911038987, 40976.0)","(0.050605958115699116, 40976.0)","(0.05066733271306993, 40976.0)","(0.05072848905234102, 40976.0)","(0.05079799726165267, 40976.0)","(0.05087525433304989, 40976.0)","(0.05095462333138007, 40976.0)","(0.05103951453945145, 40975.99999999999)","(0.05112154740587061, 40976.0)"
"(0.0823, 43032.0)","(0.0805774973874964, 43032.0)","(0.08054959781360871, 43032.0)","(0.08052680515776157, 43032.0)","(0.080507161928786, 43032.0)","(0.0804892342674147, 43032.0)","(0.08047222768380141, 43032.0)","(0.08045738354321426, 43032.0)","(0.08044353161073556, 43032.0)","(0.08043063169972663, 43032.0)","(0.08041915238639424, 43032.0)","(0.08040861223480726, 43032.0)","(0.08039862384576904, 43032.0)","(0.08038876686703923, 43032.0)","(0.08037848632113798, 43032.0)","(0.08036817242032664, 43032.0)","(0.08035770741775396, 43032.0)","(0.0803475317589796, 43032.0)","(0.08033831374780444, 43032.0)","(0.08032933806206037, 43032.0)","(0.08031988576278185, 43032.0)","(0.0803094103116831, 43032.0)","(0.08029933391390623, 43032.0)","(0.08028920165670161, 43032.0)","(0.0802797610115483, 43032.0)","(0.08027079939112777, 43032.0)","(0.08026222235683919, 43032.0)","(0.08025372167716406, 43032.0)","(0.08024490070997883, 43032.0)","(0.08023648522597765, 43032.0)","(0.08022751918502688, 43032.0)","(0.08021837150046937, 43032.0)","(0.08020884324844377, 43032.0)","(0.08019983581525518, 43032.0)","(0.08019140305099938, 43032.0)","(0.08018284008203433, 43031.99999999999)","(0.08017454716728105, 43032.0)","(0.08016595245087146, 43032.0)","(0.08015712625942323, 43032.0)","(0.08014821004990437, 43032.0)","(0.08013849734120734, 43032.0)","(0.08012851297083298, 43032.0)","(0.08011755970060061, 43032.0)","(0.08010671654175816, 43032.0)","(0.08009610847475185, 43032.0)","(0.08008639134552457, 43032.0)","(0.08007744298669481, 43032.0)","(0.08006410825625562, 43032.0)","(0.0800475304640768, 43032.0)","(0.0800276782645802, 43032.0)","(0.08000201306780186, 43032.0)","(0.07997341625573348, 43032.0)","(0.07994125810374732, 43032.0)","(0.07990600035632155, 43032.00000000001)","(0.07987086799120836, 43032.0)","(0.07983093774330591, 43032.0)","(0.07978655602143941, 43031.99999999999)","(0.07974096106495188, 43032.00000000001)","(0.07969219377520874, 43031.99999999999)","(0.07964506851152114, 43032.0)"
"(0.0848, 44040.0)","(0.08263092263610657, 44040.0)","(0.08259578983935913, 44040.0)","(0.08256708797644051, 44040.0)","(0.08254235205847127, 44040.0)","(0.08251977648489257, 44040.0)","(0.08249836078700917, 44040.0)","(0.08247966816552907, 44040.0)","(0.08246222499129661, 44040.0)","(0.08244598065891501, 44040.0)","(0.08243152522731126, 44040.0)","(0.08241825244383136, 44040.0)","(0.0824056744724499, 44040.0)","(0.08239326198071606, 44040.0)","(0.08238031610809968, 44040.0)","(0.08236732823300391, 44040.0)","(0.08235415008161609, 44040.0)","(0.08234133628908541, 44040.0)","(0.08232972842316114, 44040.0)","(0.08231842570777972, 44040.0)","(0.08230652281239195, 44040.0)","(0.08229333150360094, 44040.0)","(0.08228064270640044, 44040.0)","(0.08226788356769833, 44040.0)","(0.08225599534787564, 44040.0)","(0.08224471034438312, 44040.0)","(0.08223390963453825, 44040.0)","(0.08222320507494733, 44040.0)","(0.08221209719034371, 44039.99999999999)","(0.08220149991419408, 44039.99999999999)","(0.08219020934410792, 44040.0)","(0.0821786900376281, 44040.0)","(0.0821666914980403, 44040.0)","(0.08215534880439541, 44040.0)","(0.08214472976792514, 44040.0)","(0.08213394676996916, 44040.0)","(0.08212350384027983, 44040.0)","(0.08211268086406037, 44040.0)","(0.08210156640075517, 44040.0)","(0.08209033858136106, 44040.0)","(0.08207810776300184, 44040.0)","(0.08206553485216006, 44040.0)","(0.08205174184520077, 44040.0)","(0.0820380874970288, 44040.0)","(0.08202472919042825, 44040.0)","(0.08201249280547539, 44040.0)","(0.08200122450176381, 44040.0)","(0.08198443261898854, 44040.0)","(0.08196355688068929, 44040.0)","(0.08193855781465653, 44040.0)","(0.08190623867797271, 44040.0)","(0.08187022787759031, 44040.0)","(0.08182973242694107, 44040.0)","(0.08178533378203452, 44040.0)","(0.08174109302596608, 44040.0)","(0.0816908104915704, 44040.0)","(0.08163492239736816, 44040.0)","(0.0815775065262357, 44040.0)","(0.08151609586507769, 44039.99999999999)","(0.08145675294043402, 44039.99999999999)"
"(0.0304, 44040.0)","(0.07320737974036753, 45356.75755266943)","(0.0739007358173538, 45378.08522693023)","(0.07446717552377702, 45395.5089460667)","(0.0749553461401701, 45410.52510332804)","(0.07540088172462002, 45424.22980446521)","(0.07582352682108358, 45437.230392827376)","(0.0761924312038235, 45448.57791363177)","(0.0765366773776462, 45459.16694645993)","(0.07685726405494198, 45469.02821176453)","(0.07714254624923962, 45477.803509067526)","(0.07740448853497527, 45485.86086939179)","(0.07765271849959166, 45493.496437901)","(0.07789768267469169, 45501.03155053001)","(0.0781531732783858, 45508.89045673008)","(0.07840949281336387, 45516.774860905854)","(0.07866956750692959, 45524.77477398365)","(0.07892245147128493, 45532.55349980226)","(0.07915153611937872, 45539.600157233945)","(0.07937459853175882, 45546.461570336076)","(0.07960950567308824, 45553.68732800677)","(0.07986984003187544, 45561.69522840225)","(0.08012025717662669, 45569.398074702796)","(0.08037206253160047, 45577.143622432544)","(0.08060668004633668, 45584.36047117197)","(0.08082939290938017, 45591.211132115655)","(0.08104254809484822, 45597.767798327375)","(0.08125380572677462, 45604.26609567903)","(0.08147302309645195, 45611.0092350384)","(0.08168216345811086, 45617.44240503041)","(0.08190498617951729, 45624.2964452239)","(0.08213232308092801, 45631.28934186342)","(0.08236911778867514, 45638.57316118965)","(0.08259296918384361, 45645.45884344938)","(0.08280253899183035, 45651.90522323603)","(0.08301534462796178, 45658.45113728932)","(0.08322143891683018, 45664.79060990071)","(0.08343503353574996, 45671.36079311159)","(0.08365438073803805, 45678.107926129815)","(0.08387596505608046, 45684.923872962)","(0.0841173438536992, 45692.34869916595)","(0.08436547394707658, 45699.981195629895)","(0.0846376829961848, 45708.35436220754)","(0.08490715557334352, 45716.643354744876)","(0.08517078568301882, 45724.75263263414)","(0.08541227433900049, 45732.18083808789)","(0.08563465762695517, 45739.0213612822)","(0.08596605037231432, 45749.2150218846)","(0.08637803920757306, 45761.887823016856)","(0.08687140312839586, 45777.06372663203)","(0.08750923079647983, 45796.683343724806)","(0.08821991453343835, 45818.5440178393)","(0.08901910416242785, 45843.12713846872)","(0.08989532447808347, 45870.079727611985)","(0.09076842881108127, 45896.93646894295)","(0.09176076941636052, 45927.46092511725)","(0.09286373739311657, 45961.388285832974)","(0.09399685649693668, 45996.243097014565)","(0.09520881395684938, 46033.522980729314)","(0.0963799640284932, 46069.54762674828)"
"(0.0797, 46104.0)","(0.05826441193328839, 46104.0)","(0.05791721723601955, 46104.0)","(0.05763357529658855, 46104.0)","(0.057389126224892464, 46104.0)","(0.05716602643893841, 46104.0)","(0.05695438895397305, 46104.0)","(0.05676966187111073, 46104.0)","(0.05659728226693127, 46104.0)","(0.05643675004104246, 46104.0)","(0.05629389636401712, 46104.0)","(0.05616273003315696, 46104.0)","(0.05603843008068137, 46104.0)","(0.055915765456488215, 46104.0)","(0.05578782977416151, 46104.0)","(0.05565947900850929, 46104.0)","(0.055529247865382506, 46104.0)","(0.05540261744507938, 46104.0)","(0.05528790441712183, 46104.0)","(0.0551762069945291, 46104.0)","(0.05505857838128517, 46104.0)","(0.0549282172120564, 46104.0)","(0.05480282203972196, 46104.0)","(0.05467673172784239, 46104.0)","(0.054559248143712186, 46104.0)","(0.054447725756256726, 46104.0)","(0.0543409893295544, 46104.0)","(0.05423520309359721, 46104.0)","(0.05412543105751437, 46104.0)","(0.0540207050343886, 46103.99999999999)","(0.05390912763589, 46104.0)","(0.05379528978361876, 46104.0)","(0.053676715980633616, 46104.0)","(0.053564623478731074, 46104.0)","(0.05345968241243666, 46104.0)","(0.0533531210208716, 46104.0)","(0.05324992030394197, 46104.0)","(0.05314296383306709, 46104.0)","(0.053033126783933265, 46104.0)","(0.05292216950992096, 46104.0)","(0.05280130024613572, 46104.0)","(0.05267705030369936, 46104.0)","(0.052540742940807614, 46104.0)","(0.052405805852990435, 46104.0)","(0.052273794352467484, 46104.0)","(0.052152870077639094, 46104.0)","(0.05204151272331305, 46104.0)","(0.051875569411180905, 46104.0)","(0.05166926799740008, 46104.0)","(0.05142221840366466, 46104.0)","(0.05110282928820086, 46104.0)","(0.05074695784912775, 46104.0)","(0.05034676751329992, 46104.0)","(0.049908004434223475, 46104.0)","(0.04947080166837063, 46104.0)","(0.04897389191669577, 46103.99999999999)","(0.04842158604457948, 46104.0)","(0.04785418214162337, 46104.0)","(0.04724730031370881, 46104.0)","(0.046660852587818595, 46103.99999999999)"
"(0.0333, 46104.0)","(0.022964984324978337, 46104.0)","(0.022797586881652288, 46104.0)","(0.022660830946569482, 46104.0)","(0.022542971572716015, 46104.0)","(0.022435405604488163, 46104.0)","(0.022333366102808436, 46104.0)","(0.02224430125928553, 46104.0)","(0.02216118966441329, 46104.0)","(0.022083790198359758, 46104.0)","(0.0220149143183654, 46104.0)","(0.021951673408843533, 46104.0)","(0.021891743074614237, 46104.0)","(0.021832601202235388, 46104.0)","(0.021770917926827872, 46104.0)","(0.02170903452195984, 46104.0)","(0.021646244506523707, 46104.0)","(0.02158519055387756, 46104.0)","(0.021529882486826597, 46104.0)","(0.02147602837236225, 46104.0)","(0.021419314576691065, 46104.0)","(0.021356461870098625, 46104.0)","(0.021296003483437374, 46104.0)","(0.021235209940209724, 46104.0)","(0.021178566069289802, 46104.0)","(0.021124796346766637, 46104.0)","(0.021073334141035162, 46104.0)","(0.021022330062984373, 46104.0)","(0.020969404259873002, 46104.0)","(0.020918911355865932, 46103.99999999999)","(0.02086511511016125, 46104.0)","(0.02081022900281619, 46104.0)","(0.020753059490662636, 46104.0)","(0.020699014891531052, 46104.0)","(0.02064841830599625, 46104.0)","(0.020597040492205954, 46104.0)","(0.020547283003686308, 46104.0)","(0.020495714705228776, 46104.0)","(0.020442757556539255, 46104.0)","(0.02038926029942618, 46104.0)","(0.02033098404724401, 46104.0)","(0.020271077824997905, 46104.0)","(0.020205358203603672, 46104.0)","(0.020140299250548957, 46104.0)","(0.02007665084851111, 46104.0)","(0.020018348073147424, 46104.0)","(0.019964657920168796, 46104.0)","(0.01988464953753365, 46104.0)","(0.01978518278446075, 46104.0)","(0.01966606958748118, 46104.0)","(0.019512078406811132, 46104.0)","(0.019340497534400883, 46104.0)","(0.01914754862248389, 46104.0)","(0.01893600213792918, 46104.0)","(0.018725207947250126, 46104.0)","(0.018485626459835463, 46103.99999999999)","(0.018219336128636538, 46104.0)","(0.017945766389711272, 46104.0)","(0.01765316265125246, 46104.0)","(0.017370411069126825, 46103.99999999999)"
"(0.0, 46104.0)","(0.0019776881847263683, 46104.0)","(0.0020097210288196245, 46104.0)","(0.0020358903744218887, 46104.0)","(0.0020584437113938497, 46104.0)","(0.002079027322597944, 46104.0)","(0.002098553400079867, 46104.0)","(0.002115596672605855, 46104.0)","(0.002131500743229556, 46104.0)","(0.002146311752165725, 46104.0)","(0.002159491704510325, 46104.0)","(0.0021715933600361145, 46104.0)","(0.0021830615104133253, 46104.0)","(0.0021943787822882896, 46104.0)","(0.0022061823720267654, 46104.0)","(0.0022180242581434874, 46104.0)","(0.002230039631467686, 46104.0)","(0.0022417227952456526, 46104.0)","(0.0022523064377060215, 46104.0)","(0.002262611854671421, 46104.0)","(0.002273464494583808, 46104.0)","(0.0022854918643638433, 46104.0)","(0.0022970610618113668, 46104.0)","(0.0023086943941573986, 46104.0)","(0.002319533653407507, 46104.0)","(0.0023298229212977426, 46104.0)","(0.0023396706273327785, 46104.0)","(0.002349430666959781, 46104.0)","(0.002359558444098376, 46104.0)","(0.002369220666470099, 46103.99999999999)","(0.002379515009783958, 46104.0)","(0.002390017906868507, 46104.0)","(0.00240095775178678, 46104.0)","(0.0024112996195218353, 46104.0)","(0.002420981682185903, 46104.0)","(0.0024308132391457748, 46104.0)","(0.002440334733862497, 46104.0)","(0.002450202741592025, 46104.0)","(0.0024603365169585385, 46104.0)","(0.002470573646406101, 46104.0)","(0.0024817252749100975, 46104.0)","(0.0024931888112658326, 46104.0)","(0.0025057647881992977, 46104.0)","(0.0025182143409443352, 46104.0)","(0.0025303939734330596, 46104.0)","(0.0025415506773606785, 46104.0)","(0.002551824718980045, 46104.0)","(0.002567134965039857, 46104.0)","(0.00258616872643035, 46104.0)","(0.002608961992519034, 46104.0)","(0.0026384294406719445, 46104.0)","(0.00267126281749119, 46104.0)","(0.002708185140141972, 46104.0)","(0.0027486662575567627, 46104.0)","(0.0027890034175015194, 46104.0)","(0.0028348492576858062, 46103.99999999999)","(0.0028858060494584403, 46104.0)","(0.0029381558143145104, 46104.0)","(0.002994147887723294, 46104.0)","(0.0030482546719572128, 46103.99999999999)"
"(0.0, 46104.0)","(6.379639305568931e-05, 46104.0)","(6.482971060708468e-05, 46104.0)","(6.567388304586739e-05, 46104.0)","(6.64014100449629e-05, 46104.0)","(6.70653975031595e-05, 46104.0)","(6.769527097031831e-05, 46104.0)","(6.824505395502759e-05, 46104.0)","(6.8758088491276e-05, 46104.0)","(6.923586297308791e-05, 46104.0)","(6.966102272613953e-05, 46104.0)","(7.00513987108424e-05, 46104.0)","(7.042133904559114e-05, 46104.0)","(7.078641233188032e-05, 46104.0)","(7.116717329118598e-05, 46104.0)","(7.154916961753185e-05, 46104.0)","(7.193676230540924e-05, 46104.0)","(7.231363855631138e-05, 46104.0)","(7.26550463776136e-05, 46104.0)","(7.298747918294908e-05, 46104.0)","(7.333756434141318e-05, 46104.0)","(7.372554401173688e-05, 46104.0)","(7.409874392939893e-05, 46104.0)","(7.447401271475479e-05, 46104.0)","(7.482366623895184e-05, 46104.0)","(7.51555781063788e-05, 46104.0)","(7.547324604299287e-05, 46104.0)","(7.578808603096068e-05, 46104.0)","(7.611478851930246e-05, 46104.0)","(7.64264731119387e-05, 46103.99999999999)","(7.675854870270834e-05, 46104.0)","(7.709735183446797e-05, 46104.0)","(7.745025005763806e-05, 46104.0)","(7.778385869425276e-05, 46104.0)","(7.809618329631945e-05, 46104.0)","(7.8413330295025e-05, 46104.0)","(7.872047528588701e-05, 46104.0)","(7.903879811587178e-05, 46104.0)","(7.936569409543672e-05, 46104.0)","(7.969592407761619e-05, 46104.0)","(8.005565402935798e-05, 46104.0)","(8.042544552470429e-05, 46104.0)","(8.083112219997735e-05, 46104.0)","(8.123272067562374e-05, 46104.0)","(8.162561204622774e-05, 46104.0)","(8.198550572131222e-05, 46104.0)","(8.231692641871114e-05, 46104.0)","(8.281080532386636e-05, 46104.0)","(8.34247976267855e-05, 46104.0)","(8.416006427480754e-05, 46104.0)","(8.511062711844982e-05, 46104.0)","(8.616976830616742e-05, 46104.0)","(8.736081097232168e-05, 46104.0)","(8.866665346957299e-05, 46104.0)","(8.996785217746838e-05, 46104.0)","(9.144675024792923e-05, 46103.99999999999)","(9.309051772446582e-05, 46104.0)","(9.477921981659712e-05, 46104.0)","(9.65854157330095e-05, 46104.0)","(9.833079586958751e-05, 46103.99999999999)"
"(0.0, 46104.0)","(0.0, 46104.0)","(0.0, 46104.0)","(0.0, 46104.0)","(0.0, 46104.0)","(0.0, 46104.0)","(0.0, 46104.0)","(0.0, 46104.0)","(0.0, 46104.0)","(0.0, 46104.0)","(0.0, 46104.0)","(0.0, 46104.0)","(0.0, 46104.0)","(0.0, 46104.0)","(0.0, 46104.0)","(0.0, 46104.0)","(0.0, 46104.0)","(0.0, 46104.0)","(0.0, 46104.0)","(0.0, 46104.0)","(0.0, 46104.0)","(0.0, 46104.0)","(0.0, 46104.0)","(0.0, 46104.0)","(0.0, 46104.0)","(0.0, 46104.0)","(0.0, 46104.0)","(0.0, 46104.0)","(0.0, 46104.0)","(0.0, 46103.99999999999)","(0.0, 46104.0)","(0.0, 46104.0)","(0.0, 46104.0)","(0.0, 46104.0)","(0.0, 46104.0)","(0.0, 46104.0)","(0.0, 46104.0)","(0.0, 46104.0)","(0.0, 46104.0)","(0.0, 46104.0)","(0.0, 46104.0)","(0.0, 46104.0)","(0.0, 46104.0)","(0.0, 46104.0)","(0.0, 46104.0)","(0.0, 46104.0)","(0.0, 46104.0)","(0.0, 46104.0)","(0.0, 46104.0)","(0.0, 46104.0)","(0.0, 46104.0)","(0.0, 46104.0)","(0.0, 46104.0)","(0.0, 46104.0)","(0.0, 46104.0)","(0.0, 46103.99999999999)","(0.0, 46104.0)","(0.0, 46104.0)","(0.0, 46104.0)","(0.0, 46103.99999999999)"
"(0.0, 46104.0)","(0.0, 46104.0)","(0.0, 46104.0)","(0.0, 46104.0)","(0.0, 46104.0)","(0.0, 46104.0)","(0.0, 46104.0)","(0.0, 46104.0)","(0.0, 46104.0)","(0.0, 46104.0)","(0.0, 46104.0)","(0.0, 46104.0)","(0.0, 46104.0)","(0.0, 46104.0)","(0.0, 46104.0)","(0.0, 46104.0)","(0.0, 46104.0)","(0.0, 46104.0)","(0.0, 46104.0)","(0.0, 46104.0)","(0.0, 46104.0)","(0.0, 46104.0)","(0.0, 46104.0)","(0.0, 46104.0)","(0.0, 46104.0)","(0.0, 46104.0)","(0.0, 46104.0)","(0.0, 46104.0)","(0.0, 46104.0)","(0.0, 46103.99999999999)","(0.0, 46104.0)","(0.0, 46104.0)","(0.0, 46104.0)","(0.0, 46104.0)","(0.0, 46104.0)","(0.0, 46104.0)","(0.0, 46104.0)","(0.0, 46104.0)","(0.0, 46104.0)","(0.0, 46104.0)","(0.0, 46104.0)","(0.0, 46104.0)","(0.0, 46104.0)","(0.0, 46104.0)","(0.0, 46104.0)","(0.0, 46104.0)","(0.0, 46104.0)","(0.0, 46104.0)","(0.0, 46104.0)","(0.0, 46104.0)","(0.0, 46104.0)","(0.0, 46104.0)","(0.0, 46104.0)","(0.0, 46104.0)","(0.0, 46104.0)","(0.0, 46103.99999999999)","(0.0, 46104.0)","(0.0, 46104.0)","(0.0, 46104.0)","(0.0, 46103.99999999999)"
"(0.0, 46104.0)","(0.0, 46104.0)","(0.0, 46104.0)","(0.0, 46104.0)","(0.0, 46104.0)","(0.0, 46104.0)","(0.0, 46104.0)","(0.0, 46104.0)","(0.0, 46104.0)","(0.0, 46104.0)","(0.0, 46104.0)","(0.0, 46104.0)","(0.0, 46104.0)","(0.0, 46104.0)","(0.0, 46104.0)","(0.0, 46104.0)","(0.0, 46104.0)","(0.0, 46104.0)","(0.0, 46104.0)","(0.0, 46104.0)","(0.0, 46104.0)","(0.0, 46104.0)","(0.0, 46104.0)","(0.0, 46104.0)","(0.0, 46104.0)","(0.0, 46104.0)","(0.0, 46104.0)","(0.0, 46104.0)","(0.0, 46104.0)","(0.0, 46103.99999999999)","(0.0, 46104.0)","(0.0, 46104.0)","(0.0, 46104.0)","(0.0, 46104.0)","(0.0, 46104.0)","(0.0, 46104.0)","(0.0, 46104.0)","(0.0, 46104.0)","(0.0, 46104.0)","(0.0, 46104.0)","(0.0, 46104.0)","(0.0, 46104.0)","(0.0, 46104.0)","(0.0, 46104.0)","(0.0, 46104.0)","(0.0, 46104.0)","(0.0, 46104.0)","(0.0, 46104.0)","(0.0, 46104.0)","(0.0, 46104.0)","(0.0, 46104.0)","(0.0, 46104.0)","(0.0, 46104.0)","(0.0, 46104.0)","(0.0, 46104.0)","(0.0, 46103.99999999999)","(0.0, 46104.0)","(0.0, 46104.0)","(0.0, 46104.0)","(0.0, 46103.99999999999)"
"(0.0, 46104.0)","(0.0, 46104.0)","(0.0, 46104.0)","(0.0, 46104.0)","(0.0, 46104.0)","(0.0, 46104.0)","(0.0, 46104.0)","(0.0, 46104.0)","(0.0, 46104.0)","(0.0, 46104.0)","(0.0, 46104.0)","(0.0, 46104.0)","(0.0, 46104.0)","(0.0, 46104.0)","(0.0, 46104.0)","(0.0, 46104.0)","(0.0, 46104.0)","(0.0, 46104.0)","(0.0, 46104.0)","(0.0, 46104.0)","(0.0, 46104.0)","(0.0, 46104.0)","(0.0, 46104.0)","(0.0, 46104.0)","(0.0, 46104.0)","(0.0, 46104.0)","(0.0, 46104.0)","(0.0, 46104.0)","(0.0, 46104.0)","(0.0, 46103.99999999999)","(0.0, 46104.0)","(0.0, 46104.0)","(0.0, 46104.0)","(0.0, 46104.0)","(0.0, 46104.0)","(0.0, 46104.0)","(0.0, 46104.0)","(0.0, 46104.0)","(0.0, 46104.0)","(0.0, 46104.0)","(0.0, 46104.0)","(0.0, 46104.0)","(0.0, 46104.0)","(0.0, 46104.0)","(0.0, 46104.0)","(0.0, 46104.0)","(0.0, 46104.0)","(0.0, 46104.0)","(0.0, 46104.0)","(0.0, 46104.0)","(0.0, 46104.0)","(0.0, 46104.0)","(0.0, 46104.0)","(0.0, 46104.0)","(0.0, 46104.0)","(0.0, 46103.99999999999)","(0.0, 46104.0)","(0.0, 46104.0)","(0.0, 46104.0)","(0.0, 46103.99999999999)"
"(0.0, 46104.0)","(0.0, 46104.0)","(0.0, 46104.0)","(0.0, 46104.0)","(0.0, 46104.0)","(0.0, 46104.0)","(0.0, 46104.0)","(0.0, 46104.0)","(0.0, 46104.0)","(0.0, 46104.0)","(0.0, 46104.0)","(0.0, 46104.0)","(0.0, 46104.0)","(0.0, 46104.0)","(0.0, 46104.0)","(0.0, 46104.0)","(0.0, 46104.0)","(0.0, 46104.0)","(0.0, 46104.0)","(0.0, 46104.0)","(0.0, 46104.0)","(0.0, 46104.0)","(0.0, 46104.0)","(0.0, 46104.0)","(0.0, 46104.0)","(0.0, 46104.0)","(0.0, 46104.0)","(0.0, 46104.0)","(0.0, 46104.0)","(0.0, 46103.99999999999)","(0.0, 46104.0)","(0.0, 46104.0)","(0.0, 46104.0)","(0.0, 46104.0)","(0.0, 46104.0)","(0.0, 46104.0)","(0.0, 46104.0)","(0.0, 46104.0)","(0.0, 46104.0)","(0.0, 46104.0)","(0.0, 46104.0)","(0.0, 46104.0)","(0.0, 46104.0)","(0.0, 46104.0)","(0.0, 46104.0)","(0.0, 46104.0)","(0.0, 46104.0)","(0.0, 46104.0)","(0.0, 46104.0)","(0.0, 46104.0)","(0.0, 46104.0)","(0.0, 46104.0)","(0.0, 46104.0)","(0.0, 46104.0)","(0.0, 46104.0)","(0.0, 46103.99999999999)","(0.0, 46104.0)","(0.0, 46104.0)","(0.0, 46104.0)","(0.0, 46103.99999999999)"
"(0.0, 46104.0)","(0.0, 46104.0)","(0.0, 46104.0)","(0.0, 46104.0)","(0.0, 46104.0)","(0.0, 46104.0)","(0.0, 46104.0)","(0.0, 46104.0)","(0.0, 46104.0)","(0.0, 46104.0)","(0.0, 46104.0)","(0.0, 46104.0)","(0.0, 46104.0)","(0.0, 46104.0)","(0.0, 46104.0)","(0.0, 46104.0)","(0.0, 46104.0)","(0.0, 46104.0)","(0.0, 46104.0)","(0.0, 46104.0)","(0.0, 46104.0)","(0.0, 46104.0)","(0.0, 46104.0)","(0.0, 46104.0)","(0.0, 46104.0)","(0.0, 46104.0)","(0.0, 46104.0)","(0.0, 46104.0)","(0.0, 46104.0)","(0.0, 46103.99999999999)","(0.0, 46104.0)","(0.0, 46104.0)","(0.0, 46104.0)","(0.0, 46104.0)","(0.0, 46104.0)","(0.0, 46104.0)","(0.0, 46104.0)","(0.0, 46104.0)","(0.0, 46104.0)","(0.0, 46104.0)","(0.0, 46104.0)","(0.0, 46104.0)","(0.0, 46104.0)","(0.0, 46104.0)","(0.0, 46104.0)","(0.0, 46104.0)","(0.0, 46104.0)","(0.0, 46104.0)","(0.0, 46104.0)","(0.0, 46104.0)","(0.0, 46104.0)","(0.0, 46104.0)","(0.0, 46104.0)","(0.0, 46104.0)","(0.0, 46104.0)","(0.0, 46103.99999999999)","(0.0, 46104.0)","(0.0, 46104.0)","(0.0, 46104.0)","(0.0, 46103.99999999999)"
"(0.0, 46104.0)","(0.0, 46104.0)","(0.0, 46104.0)","(0.0, 46104.0)","(0.0, 46104.0)","(0.0, 46104.0)","(0.0, 46104.0)","(0.0, 46104.0)","(0.0, 46104.0)","(0.0, 46104.0)","(0.0, 46104.0)","(0.0, 46104.0)","(0.0, 46104.0)","(0.0, 46104.0)","(0.0, 46104.0)","(0.0, 46104.0)","(0.0, 46104.0)","(0.0, 46104.0)","(0.0, 46104.0)","(0.0, 46104.0)","(0.0, 46104.0)","(0.0, 46104.0)","(0.0, 46104.0)","(0.0, 46104.0)","(0.0, 46104.0)","(0.0, 46104.0)","(0.0, 46104.0)","(0.0, 46104.0)","(0.0, 46104.0)","(0.0, 46103.99999999999)","(0.0, 46104.0)","(0.0, 46104.0)","(0.0, 46104.0)","(0.0, 46104.0)","(0.0, 46104.0)","(0.0, 46104.0)","(0.0, 46104.0)","(0.0, 46104.0)","(0.0, 46104.0)","(0.0, 46104.0)","(0.0, 46104.0)","(0.0, 46104.0)","(0.0, 46104.0)","(0.0, 46104.0)","(0.0, 46104.0)","(0.0, 46104.0)","(0.0, 46104.0)","(0.0, 46104.0)","(0.0, 46104.0)","(0.0, 46104.0)","(0.0, 46104.0)","(0.0, 46104.0)","(0.0, 46104.0)","(0.0, 46104.0)","(0.0, 46104.0)","(0.0, 46103.99999999999)","(0.0, 46104.0)","(0.0, 46104.0)","(0.0, 46104.0)","(0.0, 46103.99999999999)"
"(0.0, 46104.0)","(0.0, 46104.0)","(0.0, 46104.0)","(0.0, 46104.0)","(0.0, 46104.0)","(0.0, 46104.0)","(0.0, 46104.0)","(0.0, 46104.0)","(0.0, 46104.0)","(0.0, 46104.0)","(0.0, 46104.0)","(0.0, 46104.0)","(0.0, 46104.0)","(0.0, 46104.0)","(0.0, 46104.0)","(0.0, 46104.0)","(0.0, 46104.0)","(0.0, 46104.0)","(0.0, 46104.0)","(0.0, 46104.0)","(0.0, 46104.0)","(0.0, 46104.0)","(0.0, 46104.0)","(0.0, 46104.0)","(0.0, 46104.0)","(0.0, 46104.0)","(0.0, 46104.0)","(0.0, 46104.0)","(0.0, 46104.0)","(0.0, 46103.99999999999)","(0.0, 46104.0)","(0.0, 46104.0)","(0.0, 46104.0)","(0.0, 46104.0)","(0.0, 46104.0)","(0.0, 46104.0)","(0.0, 46104.0)","(0.0, 46104.0)","(0.0, 46104.0)","(0.0, 46104.0)","(0.0, 46104.0)","(0.0, 46104.0)","(0.0, 46104.0)","(0.0, 46104.0)","(0.0, 46104.0)","(0.0, 46104.0)","(0.0, 46104.0)","(0.0, 46104.0)","(0.0, 46104.0)","(0.0, 46104.0)","(0.0, 46104.0)","(0.0, 46104.0)","(0.0, 46104.0)","(0.0, 46104.0)","(0.0, 46104.0)","(0.0, 46103.99999999999)","(0.0, 46104.0)","(0.0, 46104.0)","(0.0, 46104.0)","(0.0, 46103.99999999999)"
"(0.0, 46104.0)","(0.0, 46104.0)","(0.0, 46104.0)","(0.0, 46104.0)","(0.0, 46104.0)","(0.0, 46104.0)","(0.0, 46104.0)","(0.0, 46104.0)","(0.0, 46104.0)","(0.0, 46104.0)","(0.0, 46104.0)","(0.0, 46104.0)","(0.0, 46104.0)","(0.0, 46104.0)","(0.0, 46104.0)","(0.0, 46104.0)","(0.0, 46104.0)","(0.0, 46104.0)","(0.0, 46104.0)","(0.0, 46104.0)","(0.0, 46104.0)","(0.0, 46104.0)","(0.0, 46104.0)","(0.0, 46104.0)","(0.0, 46104.0)","(0.0, 46104.0)","(0.0, 46104.0)","(0.0, 46104.0)","(0.0, 46104.0)","(0.0, 46103.99999999999)","(0.0, 46104.0)","(0.0, 46104.0)","(0.0, 46104.0)","(0.0, 46104.0)","(0.0, 46104.0)","(0.0, 46104.0)","(0.0, 46104.0)","(0.0, 46104.0)","(0.0, 46104.0)","(0.0, 46104.0)","(0.0, 46104.0)","(0.0, 46104.0)","(0.0, 46104.0)","(0.0, 46104.0)","(0.0, 46104.0)","(0.0, 46104.0)","(0.0, 46104.0)","(0.0, 46104.0)","(0.0, 46104.0)","(0.0, 46104.0)","(0.0, 46104.0)","(0.0, 46104.0)","(0.0, 46104.0)","(0.0, 46104.0)","(0.0, 46104.0)","(0.0, 46103.99999999999)","(0.0, 46104.0)","(0.0, 46104.0)","(0.0, 46104.0)","(0.0, 46103.99999999999)"
"(0.0, 46104.0)","(0.0, 46104.0)","(0.0, 46104.0)","(0.0, 46104.0)","(0.0, 46104.0)","(0.0, 46104.0)","(0.0, 46104.0)","(0.0, 46104.0)","(0.0, 46104.0)","(0.0, 46104.0)","(0.0, 46104.0)","(0.0, 46104.0)","(0.0, 46104.0)","(0.0, 46104.0)","(0.0, 46104.0)","(0.0, 46104.0)","(0.0, 46104.0)","(0.0, 46104.0)","(0.0, 46104.0)","(0.0, 46104.0)","(0.0, 46104.0)","(0.0, 46104.0)","(0.0, 46104.0)","(0.0, 46104.0)","(0.0, 46104.0)","(0.0, 46104.0)","(0.0, 46104.0)","(0.0, 46104.0)","(0.0, 46104.0)","(0.0, 46103.99999999999)","(0.0, 46104.0)","(0.0, 46104.0)","(0.0, 46104.0)","(0.0, 46104.0)","(0.0, 46104.0)","(0.0, 46104.0)","(0.0, 46104.0)","(0.0, 46104.0)","(0.0, 46104.0)","(0.0, 46104.0)","(0.0, 46104.0)","(0.0, 46104.0)","(0.0, 46104.0)","(0.0, 46104.0)","(0.0, 46104.0)","(0.0, 46104.0)","(0.0, 46104.0)","(0.0, 46104.0)","(0.0, 46104.0)","(0.0, 46104.0)","(0.0, 46104.0)","(0.0, 46104.0)","(0.0, 46104.0)","(0.0, 46104.0)","(0.0, 46104.0)","(0.0, 46103.99999999999)","(0.0, 46104.0)","(0.0, 46104.0)","(0.0, 46104.0)","(0.0, 46103.99999999999)"
"(0.0, 46104.0)","(0.0, 46104.0)","(0.0, 46104.0)","(0.0, 46104.0)","(0.0, 46104.0)","(0.0, 46104.0)","(0.0, 46104.0)","(0.0, 46104.0)","(0.0, 46104.0)","(0.0, 46104.0)","(0.0, 46104.0)","(0.0, 46104.0)","(0.0, 46104.0)","(0.0, 46104.0)","(0.0, 46104.0)","(0.0, 46104.0)","(0.0, 46104.0)","(0.0, 46104.0)","(0.0, 46104.0)","(0.0, 46104.0)","(0.0, 46104.0)","(0.0, 46104.0)","(0.0, 46104.0)","(0.0, 46104.0)","(0.0, 46104.0)","(0.0, 46104.0)","(0.0, 46104.0)","(0.0, 46104.0)","(0.0, 46104.0)","(0.0, 46103.99999999999)","(0.0, 46104.0)","(0.0, 46104.0)","(0.0, 46104.0)","(0.0, 46104.0)","(0.0, 46104.0)","(0.0, 46104.0)","(0.0, 46104.0)","(0.0, 46104.0)","(0.0, 46104.0)","(0.0, 46104.0)","(0.0, 46104.0)","(0.0, 46104.0)","(0.0, 46104.0)","(0.0, 46104.0)","(0.0, 46104.0)","(0.0, 46104.0)","(0.0, 46104.0)","(0.0, 46104.0)","(0.0, 46104.0)","(0.0, 46104.0)","(0.0, 46104.0)","(0.0, 46104.0)","(0.0, 46104.0)","(0.0, 46104.0)","(0.0, 46104.0)","(0.0, 46103.99999999999)","(0.0, 46104.0)","(0.0, 46104.0)","(0.0, 46104.0)","(0.0, 46103.99999999999)"
"(0.0, 46104.0)","(0.0, 46104.0)","(0.0, 46104.0)","(0.0, 46104.0)","(0.0, 46104.0)","(0.0, 46104.0)","(0.0, 46104.0)","(0.0, 46104.0)","(0.0, 46104.0)","(0.0, 46104.0)","(0.0, 46104.0)","(0.0, 46104.0)","(0.0, 46104.0)","(0.0, 46104.0)","(0.0, 46104.0)","(0.0, 46104.0)","(0.0, 46104.0)","(0.0, 46104.0)","(0.0, 46104.0)","(0.0, 46104.0)","(0.0, 46104.0)","(0.0, 46104.0)","(0.0, 46104.0)","(0.0, 46104.0)","(0.0, 46104.0)","(0.0, 46104.0)","(0.0, 46104.0)","(0.0, 46104.0)","(0.0, 46104.0)","(0.0, 46103.99999999999)","(0.0, 46104.0)","(0.0, 46104.0)","(0.0, 46104.0)","(0.0, 46104.0)","(0.0, 46104.0)","(0.0, 46104.0)","(0.0, 46104.0)","(0.0, 46104.0)","(0.0, 46104.0)","(0.0, 46104.0)","(0.0, 46104.0)","(0.0, 46104.0)","(0.0, 46104.0)","(0.0, 46104.0)","(0.0, 46104.0)","(0.0, 46104.0)","(0.0, 46104.0)","(0.0, 46104.0)","(0.0, 46104.0)","(0.0, 46104.0)","(0.0, 46104.0)","(0.0, 46104.0)","(0.0, 46104.0)","(0.0, 46104.0)","(0.0, 46104.0)","(0.0, 46103.99999999999)","(0.0, 46104.0)","(0.0, 46104.0)","(0.0, 46104.0)","(0.0, 46103.99999999999)"
"(0.0, 46104.0)","(0.0, 46104.0)","(0.0, 46104.0)","(0.0, 46104.0)","(0.0, 46104.0)","(0.0, 46104.0)","(0.0, 46104.0)","(0.0, 46104.0)","(0.0, 46104.0)","(0.0, 46104.0)","(0.0, 46104.0)","(0.0, 46104.0)","(0.0, 46104.0)","(0.0, 46104.0)","(0.0, 46104.0)","(0.0, 46104.0)","(0.0, 46104.0)","(0.0, 46104.0)","(0.0, 46104.0)","(0.0, 46104.0)","(0.0, 46104.0)","(0.0, 46104.0)","(0.0, 46104.0)","(0.0, 46104.0)","(0.0, 46104.0)","(0.0, 46104.0)","(0.0, 46104.0)","(0.0, 46104.0)","(0.0, 46104.0)","(0.0, 46103.99999999999)","(0.0, 46104.0)","(0.0, 46104.0)","(0.0, 46104.0)","(0.0, 46104.0)","(0.0, 46104.0)","(0.0, 46104.0)","(0.0, 46104.0)","(0.0, 46104.0)","(0.0, 46104.0)","(0.0, 46104.0)","(0.0, 46104.0)","(0.0, 46104.0)","(0.0, 46104.0)","(0.0, 46104.0)","(0.0, 46104.0)","(0.0, 46104.0)","(0.0, 46104.0)","(0.0, 46104.0)","(0.0, 46104.0)","(0.0, 46104.0)","(0.0, 46104.0)","(0.0, 46104.0)","(0.0, 46104.0)","(0.0, 46104.0)","(0.0, 46104.0)","(0.0, 46103.99999999999)","(0.0, 46104.0)","(0.0, 46104.0)","(0.0, 46104.0)","(0.0, 46103.99999999999)"
